id,名称,城市,区县,乡镇,建筑年份,类型,地址,lng84,lat84,供热,容积率,面积,总户数,类型.1,供水,得分,月份,环比,价格,province,city,county,prov_city
840786,雨城区民政局宿舍,雅安,雨城,中大街,,多层,小北街40号,102.9955264,29.99020162,,,,0,公寓住宅,民用,7.8,12,0.0,5111.0,Sichuan,Yaan,Yucheng,Sichuan-Yaan
840790,文定街12号小区,雅安,雨城,中大街,,多层,文定街12号,102.9930559,29.99252935,,,,0,公寓住宅,民用,7.8,12,0.0,4339.0,Sichuan,Yaan,Yucheng,Sichuan-Yaan
840788,爱家苑,雅安,雨城,中大街,,多层,南三路,102.9994722,29.99472928,,,,0,公寓住宅,民用,7.9,12,0.0,4900.0,Sichuan,Yaan,Yucheng,Sichuan-Yaan
840828,华祥嘉苑,雅安,雨城,中大街,,多层,建设路10号,102.9895456,29.99190465,,,,0,公寓住宅,民用,7.5,12,0.0,6300.0,Sichuan,Yaan,Yucheng,Sichuan-Yaan
840827,新民街23号小区,雅安,雨城,中大街,,多层,新民街23号,103.0018026,29.98645113,,,,0,公寓住宅,民用,7.9,12,0.0,4924.0,Sichuan,Yaan,Yucheng,Sichuan-Yaan
840826,宝兴干休所,雅安,雨城,中大街,,多层,兴贤街55号,102.9938856,29.98910562,,,,0,公寓住宅,民用,7.6,12,0.0,5471.0,Sichuan,Yaan,Yucheng,Sichuan-Yaan
840825,碧桂园雅安印象,雅安,雨城,中大街,,高层,龙观东路19号,102.9850343,29.99015918,,,,0,公寓住宅,民用,7.7,12,0.0,7496.0,Sichuan,Yaan,Yucheng,Sichuan-Yaan
840823,雅安市体育局宿舍,雅安,雨城,中大街,,多层,朝阳街28号,103.000835,29.98675885,,,,0,公寓住宅,民用,8.1,12,0.0,5379.0,Sichuan,Yaan,Yucheng,Sichuan-Yaan
840822,城后路进修校宿舍,雅安,雨城,中大街,,多层,城后路80号,102.9958784,29.98122738,,,,0,公寓住宅,民用,7.4,12,0.0,3450.0,Sichuan,Yaan,Yucheng,Sichuan-Yaan
840821,康藏路672号小区,雅安,雨城,中大街,,多层,康藏路672号,102.9895668,29.99975495,,,,0,公寓住宅,民用,7.4,12,0.0,4197.0,Sichuan,Yaan,Yucheng,Sichuan-Yaan
840820,康藏路698号小区,雅安,雨城,中大街,,多层,康藏路698号,102.9873665,30.00064343,,,,0,公寓住宅,民用,7.4,12,0.0,4306.0,Sichuan,Yaan,Yucheng,Sichuan-Yaan
840819,四川农业大学-幸苑村小区,雅安,雨城,中大街,,多层,城后路170号,102.9950179,29.98302473,,,,0,公寓住宅,民用,7.3,12,0.0,3379.0,Sichuan,Yaan,Yucheng,Sichuan-Yaan
840818,城后路142号小区,雅安,雨城,中大街,,多层,城后路142号,102.9954416,29.98234098,,,,0,公寓住宅,民用,7.5,12,0.0,4156.0,Sichuan,Yaan,Yucheng,Sichuan-Yaan
840817,大众路53号小区,雅安,雨城,中大街,,多层,大众路53号,102.9975602,29.99125223,,,,0,公寓住宅,民用,8.0,12,0.0,5346.0,Sichuan,Yaan,Yucheng,Sichuan-Yaan
840816,大众路30号小区,雅安,雨城,中大街,,多层,大众路30号,102.9976999,29.99027903,,,,0,公寓住宅,民用,7.9,12,0.0,4175.0,Sichuan,Yaan,Yucheng,Sichuan-Yaan
840814,八一路27号小区,雅安,雨城,中大街,,多层,八一路27号,102.9937875,29.99143588,,,,0,公寓住宅,民用,7.8,12,0.0,5090.0,Sichuan,Yaan,Yucheng,Sichuan-Yaan
840630,西康路东段23号小区,雅安,雨城,羌江南路,,多层,西康路东段23号,103.0161567,29.98590703,,,,0,公寓住宅,民用,7.2,12,0.0,5000.0,Sichuan,Yaan,Yucheng,Sichuan-Yaan
840631,税务局家属院(建新路),雅安,雨城,羌江南路,,多层,建新路92号,103.0102605,29.98161109,,,,0,公寓住宅,民用,7.2,12,0.0,3500.0,Sichuan,Yaan,Yucheng,Sichuan-Yaan
840632,育才路80号小区,雅安,雨城,羌江南路,,多层,育才路80号,103.0077864,29.98303593,,,,0,公寓住宅,民用,7.8,12,0.0,4909.0,Sichuan,Yaan,Yucheng,Sichuan-Yaan
840633,下西沟巷15号院,雅安,雨城,羌江南路,,多层,下西沟巷15号,103.0053804,29.98554558,,,,0,公寓住宅,民用,7.7,12,0.0,3500.0,Sichuan,Yaan,Yucheng,Sichuan-Yaan
840634,农业发展银行宿舍,雅安,雨城,羌江南路,,多层,沿江东路13号附7号,103.0020339,29.98617831,,,,0,公寓住宅,民用,7.9,12,0.0,3600.0,Sichuan,Yaan,Yucheng,Sichuan-Yaan
840635,育才路387号自建房,雅安,雨城,羌江南路,,多层,育才路387号,103.0069962,29.9766411,,,,0,,暂无,,12,,,Sichuan,Yaan,Yucheng,Sichuan-Yaan
840636,华兴街98号居民楼,雅安,雨城,羌江南路,,多层,华兴街98号,103.0054828,29.98543832,,,,0,公寓住宅,民用,8.0,12,0.0,4500.0,Sichuan,Yaan,Yucheng,Sichuan-Yaan
840637,桃花巷39号小区,雅安,雨城,羌江南路,,多层,桃花巷39号,103.0031377,29.98433934,,,,0,公寓住宅,民用,7.7,12,0.0,4000.0,Sichuan,Yaan,Yucheng,Sichuan-Yaan
840638,地震局家属院,雅安,雨城,羌江南路,,多层,上坝路139号,103.0109297,29.98105032,,,,0,公寓住宅,民用,7.0,12,0.0,4000.0,Sichuan,Yaan,Yucheng,Sichuan-Yaan
840829,西门南路40号小区,雅安,雨城,中大街,,多层,西门南路40号,102.988482,29.99204647,,,,0,公寓住宅,民用,7.5,12,0.0,5113.0,Sichuan,Yaan,Yucheng,Sichuan-Yaan
840830,花都丽景,雅安,雨城,中大街,,多层,西康路中段291号,102.9909204,29.99306054,,,,0,公寓住宅,民用,7.6,12,0.0,6000.0,Sichuan,Yaan,Yucheng,Sichuan-Yaan
840831,文定街10号小区,雅安,雨城,中大街,,多层,文定街10号,102.9930817,29.99254968,,,,0,公寓住宅,民用,7.8,12,0.0,5594.0,Sichuan,Yaan,Yucheng,Sichuan-Yaan
840381,凯悦天地,雅安,雨城,大兴片区,,高层,青年路,103.0680601,30.00567926,,,,0,公寓住宅,民用,6.8,12,0.26,9058.0,Sichuan,Yaan,Yucheng,Sichuan-Yaan
840404,福顺康城,雅安,雨城,大兴片区,,高层,大兴大道8号,103.0565664,30.0068384,,,,0,公寓住宅,民用,6.7,12,0.0,5500.0,Sichuan,Yaan,Yucheng,Sichuan-Yaan
840402,领地金科碧桂园天麓湾(商住楼),雅安,雨城,大兴片区,,高层,滨江南路38号,103.0771944,29.990333,,,,0,商住楼,商用,6.3,12,0.0,5510.0,Sichuan,Yaan,Yucheng,Sichuan-Yaan
840401,兴贤小区,雅安,雨城,大兴片区,,多层,尚武西街,103.0657039,29.99832552,,,,0,公寓住宅,民用,,12,0.0,3200.0,Sichuan,Yaan,Yucheng,Sichuan-Yaan
840400,中洋小区,雅安,雨城,大兴片区,,多层,小北街54号,102.9958186,29.99062305,,,,0,公寓住宅,民用,7.9,12,0.0,4680.0,Sichuan,Yaan,Yucheng,Sichuan-Yaan
840399,金科领地悦江庭,雅安,雨城,大兴片区,,高层,大兴大道,103.0717774,30.00200922,,,,0,公寓住宅,民用,6.7,12,0.0,5376.0,Sichuan,Yaan,Yucheng,Sichuan-Yaan
840397,金科集美江宸,雅安,雨城,大兴片区,,高层,思源东路79号,103.0734477,30.00640261,,,,0,公寓住宅,民用,7.0,12,0.0,7959.0,Sichuan,Yaan,Yucheng,Sichuan-Yaan
840396,观锦中央学府,雅安,雨城,大兴片区,,高层,大慈西街1-2号,103.0679467,29.9993432,,,,0,公寓住宅,民用,6.5,12,0.0,8000.0,Sichuan,Yaan,Yucheng,Sichuan-Yaan
840395,领地兰台府(三期),雅安,雨城,大兴片区,,高层,大兴大道北段,103.0590882,30.00558702,,,,0,公寓住宅,民用,7.2,12,0.0,7271.0,Sichuan,Yaan,Yucheng,Sichuan-Yaan
840639,中国银行宿舍,雅安,雨城,羌江南路,,多层,羌江南路213号,103.0104236,29.98489217,,,,0,公寓住宅,民用,7.6,12,0.0,5270.0,Sichuan,Yaan,Yucheng,Sichuan-Yaan
840394,兰台府云璟,雅安,雨城,大兴片区,,高层,崇文西街2号,103.064296,30.00322538,,,,0,公寓住宅,民用,6.9,12,0.0,7500.0,Sichuan,Yaan,Yucheng,Sichuan-Yaan
840392,正黄金域华府,雅安,雨城,大兴片区,,高层,凤翔北路,103.0697159,30.00404938,,,,0,公寓住宅,民用,6.8,12,0.0,8554.0,Sichuan,Yaan,Yucheng,Sichuan-Yaan
840391,碧桂园江畔里,雅安,雨城,大兴片区,,高层,滨江南路7号,103.0744385,30.00188153,,,,0,公寓住宅,民用,6.7,12,0.0,5526.0,Sichuan,Yaan,Yucheng,Sichuan-Yaan
840390,龙溪源,雅安,雨城,大兴片区,,高层,"雅东路,近171县道",103.0735597,29.98333396,,,,0,公寓住宅,民用,6.3,12,0.0,5779.0,Sichuan,Yaan,Yucheng,Sichuan-Yaan
840389,金樾澜岸二期,雅安,雨城,大兴片区,,高层,"雅东路,近滨江东路",103.0745337,29.99681661,,,,0,公寓住宅,民用,6.4,12,0.0,5937.0,Sichuan,Yaan,Yucheng,Sichuan-Yaan
840388,西网江湾城,雅安,雨城,大兴片区,,高层,南外环路,103.0525719,30.01114414,,,,0,公寓住宅,民用,7.3,12,0.0,9577.0,Sichuan,Yaan,Yucheng,Sichuan-Yaan
840387,领地兰台府(一二期),雅安,雨城,大兴片区,,高层,康泰路,103.0543456,30.00325063,,,,0,公寓住宅,民用,7.1,12,0.03,11132.0,Sichuan,Yaan,Yucheng,Sichuan-Yaan
840386,领地观江府,雅安,雨城,大兴片区,,高层,凤翔南路1号,103.0735008,30.00337323,,,,0,公寓住宅,民用,6.7,12,1.21,7695.0,Sichuan,Yaan,Yucheng,Sichuan-Yaan
840385,嘉州阳光花间集,雅安,雨城,大兴片区,,高层,大慈东街7号,103.0716569,30.00544298,,,,0,公寓住宅,民用,7.3,12,5.09,7897.0,Sichuan,Yaan,Yucheng,Sichuan-Yaan
840384,翰城19811期,雅安,雨城,大兴片区,,高层,金鸡关路60号,103.0628054,30.02699494,,,,0,公寓住宅,民用,7.0,12,0.01,8618.0,Sichuan,Yaan,Yucheng,Sichuan-Yaan
840383,正黄金域首座,雅安,雨城,大兴片区,,高层,金鸡关路109号,103.0613704,30.02583639,,,,0,公寓住宅,民用,7.1,12,0.28,7225.0,Sichuan,Yaan,Yucheng,Sichuan-Yaan
840382,金科天宸雅郡,雅安,雨城,大兴片区,,高层,大兴大道126号,103.0655287,30.00523343,,,,0,公寓住宅,民用,7.1,12,-0.27,8010.0,Sichuan,Yaan,Yucheng,Sichuan-Yaan
840393,翰城19812期,雅安,雨城,大兴片区,,高层,雨名路,103.0603406,30.02753888,,,,0,公寓住宅,民用,6.7,12,-1.34,8356.0,Sichuan,Yaan,Yucheng,Sichuan-Yaan
840787,石油公司宿舍,雅安,雨城,中大街,,多层,新民街67号,103.0041674,29.98530859,,,,0,公寓住宅,民用,8.4,12,0.0,3770.0,Sichuan,Yaan,Yucheng,Sichuan-Yaan
840813,大南街18号小区,雅安,雨城,中大街,,多层,大南街18号,102.9963415,29.98763388,,,,0,公寓住宅,民用,7.9,12,0.0,5272.0,Sichuan,Yaan,Yucheng,Sichuan-Yaan
840641,电子商城小区,雅安,雨城,羌江南路,,多层,朝阳街64号,103.0022084,29.98644984,,,,0,公寓住宅,民用,7.9,12,0.0,4916.0,Sichuan,Yaan,Yucheng,Sichuan-Yaan
840665,挺进路53号院,雅安,雨城,羌江南路,,多层,挺进路53号,103.002353,29.9940145,,,,0,公寓住宅,民用,7.8,12,0.0,4666.0,Sichuan,Yaan,Yucheng,Sichuan-Yaan
840807,文化路34号小区,雅安,雨城,中大街,,多层,文化路34号,102.9993375,29.98880622,,,,0,公寓住宅,民用,8.1,12,0.0,5200.0,Sichuan,Yaan,Yucheng,Sichuan-Yaan
840806,天雅苑,雅安,雨城,中大街,,多层,中大街146号,102.9953101,29.9892722,,,,0,公寓住宅,民用,7.9,12,0.0,4307.0,Sichuan,Yaan,Yucheng,Sichuan-Yaan
840805,林业局西门宿舍,雅安,雨城,中大街,,多层,红园路48号,102.9915754,29.99835077,,,,0,公寓住宅,民用,7.4,12,0.0,3981.0,Sichuan,Yaan,Yucheng,Sichuan-Yaan
840804,西门北路21号小区,雅安,雨城,中大街,,多层,西门北路21号,102.988212,29.99965495,,,,0,公寓住宅,民用,7.2,12,0.0,4000.0,Sichuan,Yaan,Yucheng,Sichuan-Yaan
840803,环山路8号院,雅安,雨城,中大街,,多层,环山路8号,102.9969234,29.98488118,,,,0,公寓住宅,民用,7.6,12,0.0,4000.0,Sichuan,Yaan,Yucheng,Sichuan-Yaan
840802,沿江东路87号院,雅安,雨城,中大街,,多层,沿江东路87号,103.002445,29.98723882,,,,0,公寓住宅,民用,7.9,12,0.0,4579.0,Sichuan,Yaan,Yucheng,Sichuan-Yaan
840801,市交通局宿舍,雅安,雨城,中大街,,低层,茶马大道30号,102.9567131,29.99456442,,,,0,公寓住宅,民用,6.6,12,0.0,6969.0,Sichuan,Yaan,Yucheng,Sichuan-Yaan
840800,金帝花园,雅安,雨城,中大街,,多层,建设路8号,102.9896975,29.99164072,,,,0,公寓住宅,民用,7.6,12,0.0,5274.0,Sichuan,Yaan,Yucheng,Sichuan-Yaan
840799,博瑞家园,雅安,雨城,中大街,,多层,城后路366号,102.9870956,29.9868531,,,,0,公寓住宅,民用,7.3,12,0.0,5619.0,Sichuan,Yaan,Yucheng,Sichuan-Yaan
840798,康藏路516号小区,雅安,雨城,中大街,,多层,康藏路516号,102.9917023,29.99927818,,,,0,公寓住宅,民用,7.3,12,0.0,5750.0,Sichuan,Yaan,Yucheng,Sichuan-Yaan
840797,英模路81号小区,雅安,雨城,中大街,,多层,英模路81号,102.9993772,29.98451842,,,,0,公寓住宅,民用,7.7,12,0.0,5781.0,Sichuan,Yaan,Yucheng,Sichuan-Yaan
840666,环山路8号院,雅安,雨城,羌江南路,,多层,环山路8号,102.9969234,29.98488118,,,,0,公寓住宅,民用,7.6,12,0.0,4000.0,Sichuan,Yaan,Yucheng,Sichuan-Yaan
840796,光网小区,雅安,雨城,中大街,,多层,环山路7号,102.9971224,29.98545238,,,,0,公寓住宅,民用,7.6,12,0.0,4719.0,Sichuan,Yaan,Yucheng,Sichuan-Yaan
840795,四川农业大学八家村宿舍,雅安,雨城,中大街,,多层,新康路44号,102.992925,29.98133872,,,,0,公寓住宅,民用,7.0,12,0.0,3266.0,Sichuan,Yaan,Yucheng,Sichuan-Yaan
840794,鑫雅阁,雅安,雨城,中大街,,多层,长安路36号,102.9487464,29.98722979,,,,0,公寓住宅,民用,6.3,12,0.0,5625.0,Sichuan,Yaan,Yucheng,Sichuan-Yaan
840793,康藏路790号院,雅安,雨城,中大街,,多层,康藏路790号,102.9816494,29.99985844,,,,0,公寓住宅,民用,7.1,12,0.0,4678.0,Sichuan,Yaan,Yucheng,Sichuan-Yaan
840792,大众路48号小区,雅安,雨城,中大街,,多层,大众路48号,102.9969696,29.99078257,,,,0,公寓住宅,民用,7.8,12,0.0,5701.0,Sichuan,Yaan,Yucheng,Sichuan-Yaan
840791,兴贤街41号小区,雅安,雨城,中大街,,多层,兴贤街41号,102.9940847,29.98928208,,,,0,公寓住宅,民用,7.6,12,0.0,4869.0,Sichuan,Yaan,Yucheng,Sichuan-Yaan
840784,康藏路546号院,雅安,雨城,中大街,,多层,康藏路546号,102.9868861,30.00125187,,,,0,公寓住宅,民用,7.2,12,0.0,4850.0,Sichuan,Yaan,Yucheng,Sichuan-Yaan
840789,江北公寓,雅安,雨城,中大街,,多层,康藏路10号,103.000622,29.99460003,,,,0,公寓住宅,民用,7.8,12,0.0,4859.0,Sichuan,Yaan,Yucheng,Sichuan-Yaan
840667,雨城区检察院宿舍,雅安,雨城,羌江南路,,多层,建新路257号,103.0160711,29.98251268,,,,0,公寓住宅,民用,7.1,12,0.0,5157.0,Sichuan,Yaan,Yucheng,Sichuan-Yaan
840668,新安巷46号小区,雅安,雨城,羌江南路,,多层,新安巷46号,103.0012797,29.9978056,,,,0,公寓住宅,民用,7.7,12,0.0,4935.0,Sichuan,Yaan,Yucheng,Sichuan-Yaan
840664,沿江东路87号院,雅安,雨城,羌江南路,,多层,沿江东路87号,103.002445,29.98723882,,,,0,公寓住宅,民用,7.9,12,0.0,4579.0,Sichuan,Yaan,Yucheng,Sichuan-Yaan
840663,人行宿舍,雅安,雨城,羌江南路,,多层,挺进路147号,103.0044806,29.99226159,,,,0,公寓住宅,民用,8.0,12,0.0,4605.0,Sichuan,Yaan,Yucheng,Sichuan-Yaan
840662,张家山路23号院,雅安,雨城,羌江南路,,多层,张家山路23号,103.0067012,29.97981508,,,,0,公寓住宅,民用,7.3,12,0.0,4454.0,Sichuan,Yaan,Yucheng,Sichuan-Yaan
840661,金帝花园,雅安,雨城,羌江南路,,多层,建设路8号,102.9896975,29.99164072,,,,0,公寓住宅,民用,7.6,12,0.0,5274.0,Sichuan,Yaan,Yucheng,Sichuan-Yaan
840812,红园路33号小区,雅安,雨城,中大街,,多层,红园路33号,102.9920993,29.99880046,,,,0,公寓住宅,民用,7.4,12,0.0,3437.0,Sichuan,Yaan,Yucheng,Sichuan-Yaan
840811,长城福居,雅安,雨城,中大街,,多层,县前街69号,102.9945396,29.98822595,,,,0,公寓住宅,民用,7.6,12,0.0,5190.0,Sichuan,Yaan,Yucheng,Sichuan-Yaan
840810,南四路84号小区,雅安,雨城,中大街,,多层,南四路84号,102.9928482,29.99730951,,,,0,公寓住宅,民用,7.5,12,0.0,4814.0,Sichuan,Yaan,Yucheng,Sichuan-Yaan
840809,青衣江路西段36号小区,雅安,雨城,中大街,,多层,青衣江路西段36号,102.9872646,29.9975479,,,,0,公寓住宅,民用,7.3,12,0.0,5844.0,Sichuan,Yaan,Yucheng,Sichuan-Yaan
840808,青衣江路西段24号小区,雅安,雨城,中大街,,多层,青衣江路西段24号,102.9884344,29.99734153,,,,0,公寓住宅,民用,7.3,12,0.0,4933.0,Sichuan,Yaan,Yucheng,Sichuan-Yaan
840642,华兴街119号院,雅安,雨城,羌江南路,,小高层,华兴街119号,103.0034662,29.98594383,,,,0,公寓住宅,民用,8.4,12,0.0,4888.0,Sichuan,Yaan,Yucheng,Sichuan-Yaan
840643,友谊路8号院,雅安,雨城,羌江南路,,多层,友谊路8号,103.0078377,29.97936864,,,,0,公寓住宅,民用,7.2,12,0.0,2208.0,Sichuan,Yaan,Yucheng,Sichuan-Yaan
840644,容丰苑,雅安,雨城,羌江南路,,多层,新民街40号,103.0046008,29.98439808,,,,0,公寓住宅,民用,7.7,12,0.0,5111.0,Sichuan,Yaan,Yucheng,Sichuan-Yaan
840645,羌江南路60号附21号院,雅安,雨城,羌江南路,,多层,羌江南路60号附21号,103.0093114,29.98501193,,,,0,公寓住宅,民用,7.7,12,0.0,5074.0,Sichuan,Yaan,Yucheng,Sichuan-Yaan
840646,大众路207号院,雅安,雨城,羌江南路,,多层,大众路207号,103.012843,29.98459903,,,,0,公寓住宅,民用,7.5,12,0.0,4578.0,Sichuan,Yaan,Yucheng,Sichuan-Yaan
840647,张家山路68号院,雅安,雨城,羌江南路,,多层,张家山路68号,103.0063349,29.97940182,,,,0,公寓住宅,民用,7.2,12,0.0,4868.0,Sichuan,Yaan,Yucheng,Sichuan-Yaan
840640,水文水资源勘测局,雅安,雨城,羌江南路,,多层,绿洲路199号,103.0136415,29.97902563,,,,0,公寓住宅,民用,7.2,12,0.0,5526.0,Sichuan,Yaan,Yucheng,Sichuan-Yaan
840648,育才路7号附2号院,雅安,雨城,羌江南路,,多层,育才路7号附2号,103.0076067,29.98455372,,,,0,公寓住宅,民用,7.6,12,0.0,5000.0,Sichuan,Yaan,Yucheng,Sichuan-Yaan
840650,太阳巷17号大院,雅安,雨城,羌江南路,,多层,太阳巷17号,103.012931,29.97982579,,,,0,公寓住宅,民用,7.1,12,0.0,4333.0,Sichuan,Yaan,Yucheng,Sichuan-Yaan
840651,石油公司宿舍,雅安,雨城,羌江南路,,多层,新民街67号,103.0041674,29.98530859,,,,0,公寓住宅,民用,8.4,12,0.0,3770.0,Sichuan,Yaan,Yucheng,Sichuan-Yaan
840652,上坝路91号大院,雅安,雨城,羌江南路,,多层,上坝路91号,103.0108146,29.98274076,,,,0,公寓住宅,民用,7.5,12,0.0,4980.0,Sichuan,Yaan,Yucheng,Sichuan-Yaan
840653,市政府小区,雅安,雨城,羌江南路,,多层,上坝路126号,103.0117451,29.98280225,,,,0,公寓住宅,民用,8.0,12,0.0,5272.0,Sichuan,Yaan,Yucheng,Sichuan-Yaan
840654,人民法院宿舍(雨城),雅安,雨城,羌江南路,,多层,建新路130号,103.0119406,29.98174083,,,,0,公寓住宅,民用,7.2,12,0.0,4791.0,Sichuan,Yaan,Yucheng,Sichuan-Yaan
840655,建新路178号小区,雅安,雨城,羌江南路,,多层,建新路178号,103.0132117,29.98166293,,,,0,公寓住宅,民用,7.2,12,0.0,6206.0,Sichuan,Yaan,Yucheng,Sichuan-Yaan
840656,华阳商厦,雅安,雨城,羌江南路,,高层,育才路18号,103.007881,29.98432624,,,,0,商住楼,商用,7.6,12,0.0,4857.0,Sichuan,Yaan,Yucheng,Sichuan-Yaan
840657,少年宫路147号大院,雅安,雨城,羌江南路,,多层,少年宫路147号,103.0044992,29.98133973,,,,0,公寓住宅,民用,7.8,12,0.0,5000.0,Sichuan,Yaan,Yucheng,Sichuan-Yaan
840658,雅安水利局宿舍,雅安,雨城,羌江南路,,多层,三雅路25号,103.0133663,29.9887279,,,,0,公寓住宅,民用,7.6,12,0.0,8181.0,Sichuan,Yaan,Yucheng,Sichuan-Yaan
840659,康藏路516号小区,雅安,雨城,羌江南路,,多层,康藏路516号,102.9917023,29.99927818,,,,0,公寓住宅,民用,7.3,12,0.0,5750.0,Sichuan,Yaan,Yucheng,Sichuan-Yaan
840660,博瑞家园,雅安,雨城,羌江南路,,多层,城后路366号,102.9870956,29.9868531,,,,0,公寓住宅,民用,7.3,12,0.0,5619.0,Sichuan,Yaan,Yucheng,Sichuan-Yaan
840649,桃花巷105号院,雅安,雨城,羌江南路,,多层,桃花巷105号,103.0029413,29.98224596,,,,0,公寓住宅,民用,7.7,12,0.0,4395.0,Sichuan,Yaan,Yucheng,Sichuan-Yaan
840783,龙观东路43号院,雅安,雨城,中大街,,多层,龙观东路43号,102.9847618,29.99004264,,,,0,公寓住宅,民用,7.8,12,0.0,4722.0,Sichuan,Yaan,Yucheng,Sichuan-Yaan
840670,沁源小区,雅安,雨城,羌江南路,,多层,绿洲路84号,103.0145783,29.98241961,,,,0,公寓住宅,民用,7.1,12,0.0,4138.0,Sichuan,Yaan,Yucheng,Sichuan-Yaan
840781,大众路104号院,雅安,雨城,中大街,,多层,大众路104号,102.9958877,29.99211254,,,,0,公寓住宅,民用,7.9,12,0.0,5090.0,Sichuan,Yaan,Yucheng,Sichuan-Yaan
840741,新生路44号小区,雅安,雨城,中大街,,多层,新生路44号,102.9988846,29.985597,,,,0,公寓住宅,民用,7.7,12,0.0,3500.0,Sichuan,Yaan,Yucheng,Sichuan-Yaan
840740,武安街34号小区,雅安,雨城,中大街,,低层,武安街34号,102.9917298,29.99120556,,,,0,公寓住宅,民用,7.9,12,0.0,3000.0,Sichuan,Yaan,Yucheng,Sichuan-Yaan
840738,海发花园,雅安,雨城,中大街,,多层,大众路197号,102.9946716,29.9927516,,,,0,公寓住宅,民用,7.8,12,0.0,4285.0,Sichuan,Yaan,Yucheng,Sichuan-Yaan
840737,大众路9号院,雅安,雨城,中大街,,多层,大众路9号,102.9978921,29.99049914,,,,0,公寓住宅,民用,8.2,12,0.0,5701.0,Sichuan,Yaan,Yucheng,Sichuan-Yaan
840736,中大街145号院,雅安,雨城,中大街,,小高层,中大街145号,102.9954585,29.98957194,,,,0,公寓住宅,民用,7.7,12,0.0,3200.0,Sichuan,Yaan,Yucheng,Sichuan-Yaan
840735,大北街65号大院,雅安,雨城,中大街,,多层,大北街65号,102.9975979,29.99006592,,,,0,公寓住宅,民用,8.2,12,0.0,5490.0,Sichuan,Yaan,Yucheng,Sichuan-Yaan
840734,八一路63号小区,雅安,雨城,中大街,,多层,八一路63号,102.994571,29.99216149,,,,0,公寓住宅,民用,7.6,12,0.0,5037.0,Sichuan,Yaan,Yucheng,Sichuan-Yaan
840733,青江锦苑,雅安,雨城,中大街,,多层,西门南路31号,102.987763,29.99360053,,,,0,公寓住宅,民用,7.6,12,0.0,6833.0,Sichuan,Yaan,Yucheng,Sichuan-Yaan
840732,西门北路30号小区,雅安,雨城,中大街,,多层,西门北路30号,102.9906103,29.99796322,,,,0,公寓住宅,民用,7.6,12,0.0,5157.0,Sichuan,Yaan,Yucheng,Sichuan-Yaan
840731,城后路39号院,雅安,雨城,中大街,,多层,城后路39号,102.9953687,29.98318498,,,,0,公寓住宅,民用,7.5,12,0.0,3813.0,Sichuan,Yaan,Yucheng,Sichuan-Yaan
840730,羌江南路236号院,雅安,雨城,中大街,,多层,羌江南路236号,102.994257,29.99296041,,,,0,公寓住宅,民用,8.0,12,0.0,4800.0,Sichuan,Yaan,Yucheng,Sichuan-Yaan
840742,蜀苑小区,雅安,雨城,中大街,,多层,长乐街188号,102.9516199,29.99336466,,,,0,公寓住宅,民用,6.3,12,0.0,3400.0,Sichuan,Yaan,Yucheng,Sichuan-Yaan
840729,西门南路25号院,雅安,雨城,中大街,,多层,西门南路25号,102.9892033,29.99342275,,,,0,公寓住宅,民用,7.8,12,0.0,4666.0,Sichuan,Yaan,Yucheng,Sichuan-Yaan
840727,南正街59号院,雅安,雨城,中大街,,多层,南正街59号,102.9904735,29.99173297,,,,0,公寓住宅,民用,7.6,12,0.0,4980.0,Sichuan,Yaan,Yucheng,Sichuan-Yaan
840726,西大街76号院,雅安,雨城,中大街,,多层,西大街76号,102.9935524,29.99041314,,,,0,公寓住宅,民用,8.1,12,0.0,4545.0,Sichuan,Yaan,Yucheng,Sichuan-Yaan
840725,大北街24号院,雅安,雨城,中大街,,多层,大北街24号,102.998224,29.98967101,,,,0,公寓住宅,民用,7.9,12,0.0,6696.0,Sichuan,Yaan,Yucheng,Sichuan-Yaan
840724,中大街95号院,雅安,雨城,中大街,,多层,中大街95号,102.9962382,29.98910437,,,,0,公寓住宅,民用,7.8,12,0.0,5760.0,Sichuan,Yaan,Yucheng,Sichuan-Yaan
840723,西门南路42号小区,雅安,雨城,中大街,,多层,西门南路42号,102.9879784,29.99214974,,,,0,公寓住宅,民用,7.5,12,0.0,5000.0,Sichuan,Yaan,Yucheng,Sichuan-Yaan
840722,市委住宅小区,雅安,雨城,中大街,,多层,文化路62号,102.9987957,29.98781363,,,,0,公寓住宅,民用,7.6,12,0.0,5859.0,Sichuan,Yaan,Yucheng,Sichuan-Yaan
840721,县前街36号小区,雅安,雨城,中大街,,多层,县前街36号,102.9932107,29.98886513,,,,0,公寓住宅,民用,8.0,12,0.0,4375.0,Sichuan,Yaan,Yucheng,Sichuan-Yaan
840720,红园路45号院,雅安,雨城,中大街,,多层,红园路45号,102.99024,29.99761943,,,,0,公寓住宅,民用,7.7,12,0.0,4272.0,Sichuan,Yaan,Yucheng,Sichuan-Yaan
840719,东大街147号院,雅安,雨城,中大街,,多层,东大街147号,102.9985797,29.98751535,,,,0,公寓住宅,民用,7.8,12,0.0,3500.0,Sichuan,Yaan,Yucheng,Sichuan-Yaan
840718,小北街61号小区,雅安,雨城,中大街,,多层,小北街61号,102.995644,29.99073892,,,,0,公寓住宅,民用,7.9,12,0.0,4588.0,Sichuan,Yaan,Yucheng,Sichuan-Yaan
840717,城后路市医院家属房,雅安,雨城,中大街,,多层,城后路358号,102.9899472,29.98537828,,,,0,公寓住宅,民用,7.3,12,0.0,5200.0,Sichuan,Yaan,Yucheng,Sichuan-Yaan
840728,康藏路608号院,雅安,雨城,中大街,,多层,康藏路608号,102.9904594,30.00015065,,,,0,公寓住宅,民用,7.3,12,0.0,4259.0,Sichuan,Yaan,Yucheng,Sichuan-Yaan
840743,解放路40号小区,雅安,雨城,中大街,,多层,解放路40号,102.9926306,29.9903644,,,,0,公寓住宅,民用,7.8,12,0.0,3200.0,Sichuan,Yaan,Yucheng,Sichuan-Yaan
840744,建行家属房,雅安,雨城,中大街,,多层,大北街49号,102.9976816,29.98964196,,,,0,公寓住宅,民用,7.9,12,0.0,3600.0,Sichuan,Yaan,Yucheng,Sichuan-Yaan
840745,中大街102号小区,雅安,雨城,中大街,,多层,中大街102号,102.9962179,29.98851825,,,,0,公寓住宅,民用,7.8,12,0.0,4615.0,Sichuan,Yaan,Yucheng,Sichuan-Yaan
840770,水厂巷10号院,雅安,雨城,中大街,,多层,水厂巷10号,102.9848071,29.9936654,,,,0,公寓住宅,民用,7.3,12,0.0,3892.0,Sichuan,Yaan,Yucheng,Sichuan-Yaan
840768,雅安四小家属院,雅安,雨城,中大街,,多层,"西康路中段109号,沿江东路4号",103.0005487,29.98883862,,,,0,公寓住宅,民用,7.9,12,0.0,5280.0,Sichuan,Yaan,Yucheng,Sichuan-Yaan
840767,电子商城小区,雅安,雨城,中大街,,多层,朝阳街64号,103.0022084,29.98644984,,,,0,公寓住宅,民用,7.9,12,0.0,4916.0,Sichuan,Yaan,Yucheng,Sichuan-Yaan
840766,福星苑,雅安,雨城,中大街,,高层,文昌路208号,102.9511597,29.99095297,,,,0,公寓住宅,民用,6.3,12,0.0,4622.0,Sichuan,Yaan,Yucheng,Sichuan-Yaan
840765,沿江北路31号院,雅安,雨城,中大街,,多层,沿江北路31号,102.9982347,29.99438104,,,,0,公寓住宅,民用,7.8,12,0.0,8682.0,Sichuan,Yaan,Yucheng,Sichuan-Yaan
840764,西门北路150号院,雅安,雨城,中大街,,多层,西门北路150号,102.9897271,29.99809051,,,,0,公寓住宅,民用,7.4,12,0.0,4038.0,Sichuan,Yaan,Yucheng,Sichuan-Yaan
840763,职业高级中学教师宿舍,雅安,雨城,中大街,,多层,康藏路685号,102.9845474,30.00164792,,,,0,公寓住宅,民用,7.5,12,0.0,3950.0,Sichuan,Yaan,Yucheng,Sichuan-Yaan
840762,健康路110号院,雅安,雨城,中大街,,小高层,健康路110号,102.9960957,29.98742101,,,,0,公寓住宅,民用,8.0,12,0.0,4666.0,Sichuan,Yaan,Yucheng,Sichuan-Yaan
840761,创鑫花园,雅安,雨城,中大街,,多层,红园路76号,102.9912104,29.99857794,,,,0,公寓住宅,民用,7.4,12,0.0,4083.0,Sichuan,Yaan,Yucheng,Sichuan-Yaan
840760,供销社宿舍,雅安,雨城,中大街,,多层,西大街48号,102.9939869,29.99007968,,,,0,公寓住宅,民用,7.8,12,0.0,2950.0,Sichuan,Yaan,Yucheng,Sichuan-Yaan
840759,小北街88号院,雅安,雨城,中大街,,多层,小北街88号,102.9961284,29.99116262,,,,0,公寓住宅,民用,8.4,12,0.0,4875.0,Sichuan,Yaan,Yucheng,Sichuan-Yaan
840758,幸福广场,雅安,雨城,中大街,,小高层,中大街27号,102.9970046,29.98796356,,,,0,公寓住宅,民用,8.0,12,0.0,5680.0,Sichuan,Yaan,Yucheng,Sichuan-Yaan
840757,农业银行家属院,雅安,雨城,中大街,,小高层,八一路4号,102.9936659,29.99106943,,,,0,公寓住宅,民用,7.9,12,0.0,3716.0,Sichuan,Yaan,Yucheng,Sichuan-Yaan
840756,林业局宿舍,雅安,雨城,中大街,,小高层,县前街3号附13号,102.9945554,29.98820316,,,,0,公寓住宅,民用,7.6,12,0.0,4533.0,Sichuan,Yaan,Yucheng,Sichuan-Yaan
840755,武安街54号小区,雅安,雨城,中大街,,多层,武安街54号,102.9914347,29.99093277,,,,0,公寓住宅,民用,7.6,12,0.0,4608.0,Sichuan,Yaan,Yucheng,Sichuan-Yaan
840754,桃花巷39号小区,雅安,雨城,中大街,,多层,桃花巷39号,103.0031377,29.98433934,,,,0,公寓住宅,民用,7.7,12,0.0,4000.0,Sichuan,Yaan,Yucheng,Sichuan-Yaan
840753,东大街98号小区,雅安,雨城,中大街,,多层,东大街98号,102.9983389,29.98726976,,,,0,公寓住宅,民用,8.0,12,0.0,5880.0,Sichuan,Yaan,Yucheng,Sichuan-Yaan
840752,新生路5号小区,雅安,雨城,中大街,,小高层,新生路5号,102.998403,29.98635463,,,,0,公寓住宅,民用,7.7,12,0.0,4342.0,Sichuan,Yaan,Yucheng,Sichuan-Yaan
840751,南四路39号附7号小区,雅安,雨城,中大街,,多层,南四路39号附7号,102.9929583,29.99819168,,,,0,公寓住宅,民用,7.5,12,0.0,4100.0,Sichuan,Yaan,Yucheng,Sichuan-Yaan
840750,西门北路7号院,雅安,雨城,中大街,,多层,红园路45号,102.9909167,29.99882902,,,,0,公寓住宅,民用,7.4,12,0.0,3200.0,Sichuan,Yaan,Yucheng,Sichuan-Yaan
840749,农业发展银行宿舍,雅安,雨城,中大街,,多层,沿江东路13号附7号,103.0020339,29.98617831,,,,0,公寓住宅,民用,7.9,12,0.0,3600.0,Sichuan,Yaan,Yucheng,Sichuan-Yaan
840748,西门北路84号居民楼,雅安,雨城,中大街,,多层,西门北路84号,102.9909397,29.99960012,,,,0,公寓住宅,民用,7.4,12,0.0,3000.0,Sichuan,Yaan,Yucheng,Sichuan-Yaan
840747,西大街95号小区,雅安,雨城,中大街,,小高层,西大街95号,102.9933039,29.99123481,,,,0,公寓住宅,民用,7.8,12,0.0,3000.0,Sichuan,Yaan,Yucheng,Sichuan-Yaan
840746,龙观西路3号院,雅安,雨城,中大街,,多层,龙观西路3号,102.9840505,29.991749,,,,0,公寓住宅,民用,7.3,12,0.0,3200.0,Sichuan,Yaan,Yucheng,Sichuan-Yaan
840716,税务局宿舍(雨城),雅安,雨城,中大街,,多层,县前街119号,102.993511,29.98887294,,,,0,公寓住宅,民用,7.6,12,0.0,4300.0,Sichuan,Yaan,Yucheng,Sichuan-Yaan
840715,假日广场小区,雅安,雨城,中大街,,多层,朝阳路,103.0004106,29.98781845,,,,0,公寓住宅,民用,8.1,12,0.0,11333.0,Sichuan,Yaan,Yucheng,Sichuan-Yaan
840714,南四路49号院,雅安,雨城,中大街,,多层,南四路49号,102.9927916,29.99733577,,,,0,公寓住宅,民用,7.5,12,0.0,4945.0,Sichuan,Yaan,Yucheng,Sichuan-Yaan
840713,西门南路4号小区,雅安,雨城,中大街,,多层,西门南路4号,102.986841,29.99272947,,,,0,公寓住宅,民用,7.4,12,0.0,4521.0,Sichuan,Yaan,Yucheng,Sichuan-Yaan
840683,伏龙巷九号大院,雅安,雨城,羌江南路,,多层,伏龙巷,103.008265,29.98520007,,,,0,公寓住宅,民用,7.6,12,0.0,5444.0,Sichuan,Yaan,Yucheng,Sichuan-Yaan
840682,雅安职业技术学院家属区,雅安,雨城,羌江南路,,多层,建新路176号,103.0133122,29.98159705,,,,0,公寓住宅,民用,7.0,12,0.0,5411.0,Sichuan,Yaan,Yucheng,Sichuan-Yaan
840681,少年宫路139号小区,雅安,雨城,羌江南路,,多层,少年宫路139号,103.0045476,29.98182904,,,,0,公寓住宅,民用,7.5,12,0.0,5066.0,Sichuan,Yaan,Yucheng,Sichuan-Yaan
840679,桃花巷124号小区,雅安,雨城,羌江南路,,多层,桃花巷124号,103.003394,29.98197883,,,,0,公寓住宅,民用,7.5,12,0.0,4705.0,Sichuan,Yaan,Yucheng,Sichuan-Yaan
840678,桃花巷48号小区,雅安,雨城,羌江南路,,多层,桃花巷48号,103.0030545,29.98397169,,,,0,公寓住宅,民用,7.7,12,0.0,4960.0,Sichuan,Yaan,Yucheng,Sichuan-Yaan
840677,少年宫路102号小区,雅安,雨城,羌江南路,,多层,少年宫路102号,103.0061443,29.98517883,,,,0,公寓住宅,民用,7.9,12,0.0,4761.0,Sichuan,Yaan,Yucheng,Sichuan-Yaan
840676,少年宫路110号小区,雅安,雨城,羌江南路,,多层,少年宫路110号,103.0057937,29.98524049,,,,0,公寓住宅,民用,7.7,12,0.0,5245.0,Sichuan,Yaan,Yucheng,Sichuan-Yaan
840675,上坝路87号大院,雅安,雨城,羌江南路,,多层,上坝路87号,103.0110547,29.98361934,,,,0,公寓住宅,民用,7.4,12,0.0,4527.0,Sichuan,Yaan,Yucheng,Sichuan-Yaan
840674,伏龙巷11号小区,雅安,雨城,羌江南路,,多层,伏龙巷11号,103.0033414,29.98206638,,,,0,公寓住宅,民用,7.8,12,0.0,5444.0,Sichuan,Yaan,Yucheng,Sichuan-Yaan
840673,建新路23号小区,雅安,雨城,羌江南路,,多层,建新路23号,103.0081852,29.98217013,,,,0,公寓住宅,民用,7.7,12,0.0,4769.0,Sichuan,Yaan,Yucheng,Sichuan-Yaan
840672,建新路152号小区,雅安,雨城,羌江南路,,多层,建新路152号,103.0126457,29.98174415,,,,0,公寓住宅,民用,7.2,12,0.0,4000.0,Sichuan,Yaan,Yucheng,Sichuan-Yaan
840671,创业商城,雅安,雨城,羌江南路,,多层,建新路65号,103.0095343,29.98281019,,,,0,公寓住宅,民用,7.3,12,0.0,5000.0,Sichuan,Yaan,Yucheng,Sichuan-Yaan
840771,朝阳街24号院,雅安,雨城,中大街,,多层,朝阳街24号,103.0004781,29.9863594,,,,0,公寓住宅,民用,8.0,12,0.0,5000.0,Sichuan,Yaan,Yucheng,Sichuan-Yaan
840772,华兴街119号院,雅安,雨城,中大街,,小高层,华兴街119号,103.0034662,29.98594383,,,,0,公寓住宅,民用,8.4,12,0.0,4888.0,Sichuan,Yaan,Yucheng,Sichuan-Yaan
840773,英模路71号院,雅安,雨城,中大街,,多层,英模路71号,102.9982398,29.98575994,,,,0,公寓住宅,民用,7.7,12,0.0,3888.0,Sichuan,Yaan,Yucheng,Sichuan-Yaan
840774,健康路80号院,雅安,雨城,中大街,,多层,健康路80号,102.9965582,29.98687358,,,,0,公寓住宅,民用,7.7,12,0.0,4923.0,Sichuan,Yaan,Yucheng,Sichuan-Yaan
840775,果园路28号附12号院,雅安,雨城,中大街,,多层,果园路28号附12号,102.993234,29.99811622,,,,0,公寓住宅,民用,7.7,12,0.0,4111.0,Sichuan,Yaan,Yucheng,Sichuan-Yaan
840776,珠峰商住楼,雅安,雨城,中大街,,多层,大众路1号,102.9981689,29.99029027,,,,0,公寓住宅,民用,8.5,12,0.0,5339.0,Sichuan,Yaan,Yucheng,Sichuan-Yaan
840778,八一路24号院,雅安,雨城,中大街,,多层,八一路24号,102.9944966,29.99222056,,,,0,公寓住宅,民用,7.8,12,0.0,4693.0,Sichuan,Yaan,Yucheng,Sichuan-Yaan
840779,武安街13号院,雅安,雨城,中大街,,多层,武安街13号,102.992004,29.99165502,,,,0,公寓住宅,民用,7.7,12,0.0,5238.0,Sichuan,Yaan,Yucheng,Sichuan-Yaan
840406,金凤小区,雅安,雨城,大兴片区,,多层,和平东路19号,103.0561479,30.02457632,,,,0,公寓住宅,民用,6.9,12,0.0,4750.0,Sichuan,Yaan,Yucheng,Sichuan-Yaan
840669,羌江南路213号小区,雅安,雨城,羌江南路,,多层,羌江南路213号,103.0104088,29.98476714,,,,0,公寓住宅,民用,7.5,12,0.0,4965.0,Sichuan,Yaan,Yucheng,Sichuan-Yaan
840780,政协家属楼,雅安,雨城,中大街,,多层,"沿江中路16号,西康路中段148号",102.9998211,29.98936415,,,,0,公寓住宅,民用,7.9,12,0.0,4542.0,Sichuan,Yaan,Yucheng,Sichuan-Yaan
840684,少年宫路139号大院,雅安,雨城,羌江南路,,多层,少年宫路139号,103.0045357,29.98183995,,,,0,公寓住宅,民用,7.5,12,0.0,5066.0,Sichuan,Yaan,Yucheng,Sichuan-Yaan
840782,大众路145号院,雅安,雨城,中大街,,多层,大众路145号,102.9970154,29.99057415,,,,0,公寓住宅,民用,7.8,12,0.0,4963.0,Sichuan,Yaan,Yucheng,Sichuan-Yaan
840685,雅舍,雅安,雨城,羌江南路,,多层,西康路东段66号,103.0142202,29.98564405,,,,0,公寓住宅,民用,7.7,12,0.0,5773.0,Sichuan,Yaan,Yucheng,Sichuan-Yaan
840687,兴居家园,雅安,雨城,羌江南路,,多层,育才路52号,103.0077712,29.98362176,,,,0,公寓住宅,民用,7.4,12,0.0,5384.0,Sichuan,Yaan,Yucheng,Sichuan-Yaan
840712,张家山路38号附2号院,雅安,雨城,中大街,,多层,张家山路38号附2号,102.9997804,29.97963925,,,,0,公寓住宅,民用,7.6,12,0.0,4444.0,Sichuan,Yaan,Yucheng,Sichuan-Yaan
840711,西门南路113号小区,雅安,雨城,中大街,,多层,西门南路113号,102.9845529,29.99198448,,,,0,公寓住宅,民用,7.6,12,0.0,3969.0,Sichuan,Yaan,Yucheng,Sichuan-Yaan
840710,果园路145号小区,雅安,雨城,中大街,,多层,果园路145号,102.9936263,29.99738838,,,,0,公寓住宅,民用,7.5,12,0.0,3818.0,Sichuan,Yaan,Yucheng,Sichuan-Yaan
840709,雨城花园,雅安,雨城,中大街,,多层,东大街77号,103.0011004,29.98597058,,,,0,公寓住宅,民用,8.0,12,0.0,5258.0,Sichuan,Yaan,Yucheng,Sichuan-Yaan
840708,桃花巷3号院,雅安,雨城,中大街,,多层,桃花巷3号,103.0028397,29.98473472,,,,0,公寓住宅,民用,7.8,12,0.0,5142.0,Sichuan,Yaan,Yucheng,Sichuan-Yaan
840707,二一路42号院,雅安,雨城,中大街,,多层,二一路42号,102.9978107,29.98369949,,,,0,公寓住宅,民用,7.8,12,0.0,4343.0,Sichuan,Yaan,Yucheng,Sichuan-Yaan
840706,西门北路19号小区,雅安,雨城,中大街,,多层,西门北路19号,102.9902376,29.99897504,,,,0,公寓住宅,民用,7.3,12,0.0,4980.0,Sichuan,Yaan,Yucheng,Sichuan-Yaan
840705,挺进路84号小区,雅安,雨城,中大街,,多层,挺进路84号,103.0030546,29.99297989,,,,0,公寓住宅,民用,7.9,12,0.0,5250.0,Sichuan,Yaan,Yucheng,Sichuan-Yaan
840704,西康路中段162号居民楼,雅安,雨城,中大街,,多层,西康路中段162号,102.9978767,29.99106284,,,,0,公寓住宅,民用,7.9,12,0.0,4000.0,Sichuan,Yaan,Yucheng,Sichuan-Yaan
840703,工商银行宿舍,雅安,雨城,中大街,,多层,中大街104号,102.9959926,29.98871053,,,,0,公寓住宅,民用,7.7,12,0.0,4000.0,Sichuan,Yaan,Yucheng,Sichuan-Yaan
840702,天力小区,雅安,雨城,中大街,,多层,西门南路50号,102.9867955,29.99146616,,,,0,公寓住宅,民用,7.9,12,0.0,4186.0,Sichuan,Yaan,Yucheng,Sichuan-Yaan
840701,文曲新座小区,雅安,雨城,中大街,,多层,濆江路1号,102.9872276,29.98514015,,,,0,公寓住宅,民用,7.9,12,0.0,6610.0,Sichuan,Yaan,Yucheng,Sichuan-Yaan
840700,瑞庭峰景,雅安,雨城,中大街,,多层,东大街2号,103.001886,29.98482718,,,,0,公寓住宅,民用,7.8,12,0.0,6190.0,Sichuan,Yaan,Yucheng,Sichuan-Yaan
840699,西门北路15号院,雅安,雨城,中大街,,多层,西门北路15号,102.9896839,29.99763706,,,,0,公寓住宅,民用,7.5,12,0.0,4468.0,Sichuan,Yaan,Yucheng,Sichuan-Yaan
840698,县前街138号小区,雅安,雨城,中大街,,多层,县前街138号,102.992453,29.98927634,,,,0,公寓住宅,民用,8.1,12,0.0,5217.0,Sichuan,Yaan,Yucheng,Sichuan-Yaan
840697,泛华厂宿舍,雅安,雨城,中大街,,多层,龙观东路58号,102.9843343,29.99029001,,,,0,公寓住宅,民用,7.4,12,0.0,4500.0,Sichuan,Yaan,Yucheng,Sichuan-Yaan
840696,灯塔雅舍,雅安,雨城,中大街,,多层,"香江北路22号,香江北路26号",102.9874528,30.00342482,,,,0,公寓住宅,民用,7.5,12,0.0,4756.0,Sichuan,Yaan,Yucheng,Sichuan-Yaan
840695,天力佳园,雅安,雨城,中大街,,多层,西门南路116号,102.9820923,29.98962549,,,,0,公寓住宅,民用,7.1,12,0.0,4375.0,Sichuan,Yaan,Yucheng,Sichuan-Yaan
840694,兴贤街19号小区,雅安,雨城,中大街,,多层,兴贤街19号,102.9943333,29.98956912,,,,0,公寓住宅,民用,7.8,12,0.0,4933.0,Sichuan,Yaan,Yucheng,Sichuan-Yaan
840693,县前街110号小区,雅安,雨城,中大街,,多层,县前街110号,102.9931277,29.98849215,,,,0,公寓住宅,民用,7.6,12,0.0,4941.0,Sichuan,Yaan,Yucheng,Sichuan-Yaan
840692,茂鑫苑,雅安,雨城,中大街,,多层,南正街56号,102.99064,29.99175316,,,,0,公寓住宅,民用,7.9,12,0.0,4666.0,Sichuan,Yaan,Yucheng,Sichuan-Yaan
840691,滨河花苑西区,雅安,雨城,羌江南路,,多层,临江路172号,103.0127388,29.98581967,,,,0,公寓住宅,民用,7.7,12,0.0,6333.0,Sichuan,Yaan,Yucheng,Sichuan-Yaan
840690,平安家园,雅安,雨城,羌江南路,,多层,羌江南路136号,103.0097006,29.98393869,,,,0,公寓住宅,民用,7.3,12,0.0,5619.0,Sichuan,Yaan,Yucheng,Sichuan-Yaan
840689,幸福家园,雅安,雨城,羌江南路,,多层,上坝路76号,103.0121591,29.98406295,,,,0,公寓住宅,民用,7.8,12,0.0,6171.0,Sichuan,Yaan,Yucheng,Sichuan-Yaan
840688,和谐家园,雅安,雨城,羌江南路,,多层,羌江南路177号,103.0092687,29.98494976,,,,0,公寓住宅,民用,8.2,12,0.0,5605.0,Sichuan,Yaan,Yucheng,Sichuan-Yaan
840407,小北街109号小区,雅安,雨城,大兴片区,,多层,小北街109号,102.9968856,29.99158542,,,,0,公寓住宅,民用,7.9,12,0.0,5306.0,Sichuan,Yaan,Yucheng,Sichuan-Yaan
840433,金凤街2号小区,雅安,雨城,正黄金域片区,,高层,金凤街2号,103.0355053,30.01511998,,,,0,公寓住宅,民用,6.9,12,0.0,5800.0,Sichuan,Yaan,Yucheng,Sichuan-Yaan
840409,拓海第一江岸,雅安,雨城,正黄金域片区,,高层,"熊猫大道,近孝廉街",103.0552957,30.02057608,,,,0,公寓住宅,民用,7.0,12,-0.61,8395.0,Sichuan,Yaan,Yucheng,Sichuan-Yaan
840612,建宇国际公馆,雅安,雨城,羌江南路,,高层,绿洲路138号,103.0146601,29.97961294,,,,0,公寓住宅,民用,7.4,12,0.0,10000.0,Sichuan,Yaan,Yucheng,Sichuan-Yaan
840613,滨河花苑东区,雅安,雨城,羌江南路,,多层,羌江南路397号,103.0134702,29.98543663,,,,0,公寓住宅,民用,7.7,12,0.0,4445.0,Sichuan,Yaan,Yucheng,Sichuan-Yaan
840614,上坝社区绿洲路七号大院,雅安,雨城,羌江南路,,多层,绿洲路7号,103.0142369,29.98436927,,,,0,公寓住宅,民用,7.2,12,0.0,5492.0,Sichuan,Yaan,Yucheng,Sichuan-Yaan
840615,临江雅廊,雅安,雨城,羌江南路,,多层,"羌江南路145号,西康路东段133号",103.0086779,29.98573898,,,,0,公寓住宅,民用,7.9,12,0.0,5891.0,Sichuan,Yaan,Yucheng,Sichuan-Yaan
840616,羌江南路111号小区,雅安,雨城,羌江南路,,小高层,羌江南路111号,103.0075529,29.9847244,,,,0,公寓住宅,民用,7.6,12,0.0,4752.0,Sichuan,Yaan,Yucheng,Sichuan-Yaan
840617,桃花巷90号小区,雅安,雨城,羌江南路,,多层,桃花巷90号,103.0031873,29.98251503,,,,0,公寓住宅,民用,7.7,12,0.0,5647.0,Sichuan,Yaan,Yucheng,Sichuan-Yaan
840618,羌江南路407号小区,雅安,雨城,羌江南路,,小高层,羌江南路407号,103.0148415,29.98503318,,,,0,公寓住宅,民用,7.2,12,0.0,5078.0,Sichuan,Yaan,Yucheng,Sichuan-Yaan
840619,金物花园,雅安,雨城,羌江南路,,多层,西康路东段106号,103.0119761,29.98562032,,,,0,公寓住宅,民用,7.8,12,0.0,6524.0,Sichuan,Yaan,Yucheng,Sichuan-Yaan
840620,福家苑,雅安,雨城,羌江南路,,多层,西康路中段44号,103.0040446,29.98627045,,,,0,公寓住宅,民用,8.0,12,0.0,5578.0,Sichuan,Yaan,Yucheng,Sichuan-Yaan
840621,朝阳新居,雅安,雨城,羌江南路,,多层,绿洲路118号,103.0146266,29.98137075,,,,0,公寓住宅,民用,7.6,12,0.0,5470.0,Sichuan,Yaan,Yucheng,Sichuan-Yaan
840622,羌江南路245号小区,雅安,雨城,羌江南路,,多层,羌江南路245号,103.0111812,29.9848695,,,,0,公寓住宅,民用,7.6,12,0.0,4800.0,Sichuan,Yaan,Yucheng,Sichuan-Yaan
840623,桃花巷126号小区,雅安,雨城,羌江南路,,多层,桃花巷126号,103.0032134,29.98193132,,,,0,公寓住宅,民用,7.6,12,0.0,4975.0,Sichuan,Yaan,Yucheng,Sichuan-Yaan
840624,上坝路142号小区,雅安,雨城,羌江南路,,多层,上坝路142号,103.0117782,29.98238338,,,,0,公寓住宅,民用,7.4,12,0.0,5200.0,Sichuan,Yaan,Yucheng,Sichuan-Yaan
840625,半岛御景,雅安,雨城,羌江南路,,高层,西康路东段1号,103.0181966,29.98646651,,,,0,公寓住宅,民用,7.4,12,0.0,9139.0,Sichuan,Yaan,Yucheng,Sichuan-Yaan
840626,桃花巷102号院,雅安,雨城,羌江南路,,多层,桃花巷102号,103.0031835,29.98219304,,,,0,公寓住宅,民用,7.9,12,0.0,4545.0,Sichuan,Yaan,Yucheng,Sichuan-Yaan
840627,张家山路127号小区,雅安,雨城,羌江南路,,多层,张家山路127号,103.006453,29.97969554,,,,0,公寓住宅,民用,7.3,12,0.0,4966.0,Sichuan,Yaan,Yucheng,Sichuan-Yaan
840628,育才路9号小区,雅安,雨城,羌江南路,,多层,育才路9号,103.0072523,29.98417679,,,,0,公寓住宅,民用,7.6,12,0.0,3000.0,Sichuan,Yaan,Yucheng,Sichuan-Yaan
840611,雨城花园,雅安,雨城,羌江南路,,多层,东大街77号,103.0011004,29.98597058,,,,0,公寓住宅,民用,8.0,12,0.0,5258.0,Sichuan,Yaan,Yucheng,Sichuan-Yaan
840629,建新路256号小区,雅安,雨城,羌江南路,,多层,建新路256号,103.0154007,29.98168043,,,,0,公寓住宅,民用,7.1,12,0.0,3200.0,Sichuan,Yaan,Yucheng,Sichuan-Yaan
840610,桃花巷3号院,雅安,雨城,羌江南路,,多层,桃花巷3号,103.0028397,29.98473472,,,,0,公寓住宅,民用,7.8,12,0.0,5142.0,Sichuan,Yaan,Yucheng,Sichuan-Yaan
840507,天梯路27号小区,雅安,雨城,万达片区,,多层,天梯路27号,103.0326918,30.01051328,,,,0,公寓住宅,民用,6.9,12,0.0,6949.0,Sichuan,Yaan,Yucheng,Sichuan-Yaan
840524,东安郦景,雅安,雨城,挺进路,,多层,平江路56号,102.9896067,30.00338949,,,,0,公寓住宅,民用,7.2,12,0.0,4561.0,Sichuan,Yaan,Yucheng,Sichuan-Yaan
840523,雅安实验小学宿舍,雅安,雨城,挺进路,,多层,康藏路121号,103.0002414,29.99732952,,,,0,公寓住宅,民用,8.0,12,0.0,3978.0,Sichuan,Yaan,Yucheng,Sichuan-Yaan
840522,建安公司家属区,雅安,雨城,挺进路,,多层,南四路71号,102.9914978,29.99757797,,,,0,公寓住宅,民用,7.5,12,0.0,4692.0,Sichuan,Yaan,Yucheng,Sichuan-Yaan
840521,北二路7号院,雅安,雨城,挺进路,,小高层,北二路7号,103.0038516,29.99305747,,,,0,公寓住宅,民用,8.0,12,0.0,3450.0,Sichuan,Yaan,Yucheng,Sichuan-Yaan
840520,挺进路84号小区,雅安,雨城,挺进路,,多层,挺进路84号,103.0030546,29.99297989,,,,0,公寓住宅,民用,7.9,12,0.0,5250.0,Sichuan,Yaan,Yucheng,Sichuan-Yaan
840519,锦西茗苑,雅安,雨城,挺进路,,多层,康藏路783号,102.9821393,30.00171905,,,,0,公寓住宅,民用,7.6,12,0.0,5818.0,Sichuan,Yaan,Yucheng,Sichuan-Yaan
840518,如意街62号大院,雅安,雨城,挺进路,,多层,如意街62号,102.9973117,30.00013416,,,,0,公寓住宅,民用,7.6,12,0.0,5066.0,Sichuan,Yaan,Yucheng,Sichuan-Yaan
840517,平安小区,雅安,雨城,挺进路,,多层,香江南路54号,102.9899242,29.99919183,,,,0,公寓住宅,民用,7.8,12,0.0,4521.0,Sichuan,Yaan,Yucheng,Sichuan-Yaan
840516,如意街145号院,雅安,雨城,挺进路,,多层,如意街145号,102.9966504,30.00099228,,,,0,公寓住宅,民用,7.2,12,0.0,4520.0,Sichuan,Yaan,Yucheng,Sichuan-Yaan
840515,如意景苑,雅安,雨城,挺进路,,多层,如意街172号,102.9971517,30.00233272,,,,0,公寓住宅,民用,7.8,12,0.0,7428.0,Sichuan,Yaan,Yucheng,Sichuan-Yaan
840514,碧雅园,雅安,雨城,挺进路,,多层,康藏路261号,102.9955223,29.99978119,,,,0,公寓住宅,民用,7.7,12,0.0,4841.0,Sichuan,Yaan,Yucheng,Sichuan-Yaan
840513,沙湾小区,雅安,雨城,挺进路,,多层,宁雅路132号,103.0227731,30.00556496,,,,0,公寓住宅,民用,7.1,12,0.0,7444.0,Sichuan,Yaan,Yucheng,Sichuan-Yaan
840512,锦西花园,雅安,雨城,挺进路,,多层,康藏路731号,102.9837511,30.00188753,,,,0,公寓住宅,民用,7.1,12,0.0,5375.0,Sichuan,Yaan,Yucheng,Sichuan-Yaan
840511,雅洲天街,雅安,雨城,挺进路,,高层,康藏路,102.9967261,29.99869078,,,,0,公寓住宅,民用,7.7,12,0.0,8380.0,Sichuan,Yaan,Yucheng,Sichuan-Yaan
840510,青衣江路中段107号小区,雅安,雨城,挺进路,,多层,青衣江路中段107号,103.0005855,29.99230823,,,,0,公寓住宅,民用,7.9,12,0.0,4777.0,Sichuan,Yaan,Yucheng,Sichuan-Yaan
840509,碧海云天,雅安,雨城,万达片区,,高层,熊猫大道58号,103.03264,30.0063022,,,,0,公寓住宅,民用,7.2,12,0.0,10852.0,Sichuan,Yaan,Yucheng,Sichuan-Yaan
840508,通工小区,雅安,雨城,万达片区,,多层,迎新街2号,103.0311992,30.00493488,,,,0,公寓住宅,民用,6.8,12,0.0,5466.0,Sichuan,Yaan,Yucheng,Sichuan-Yaan
840506,面粉厂宿舍,雅安,雨城,万达片区,,多层,雅州大道253号,103.0252261,30.00359544,,,,0,公寓住宅,民用,6.8,12,0.0,3850.0,Sichuan,Yaan,Yucheng,Sichuan-Yaan
840525,雅安财政局小区,雅安,雨城,挺进路,,多层,青衣江路中段81号,102.9969303,29.99582291,,,,0,公寓住宅,民用,8.3,12,0.0,5444.0,Sichuan,Yaan,Yucheng,Sichuan-Yaan
840505,挺进路53号院,雅安,雨城,万达片区,,多层,挺进路53号,103.002353,29.9940145,,,,0,公寓住宅,民用,7.8,12,0.0,4666.0,Sichuan,Yaan,Yucheng,Sichuan-Yaan
840503,青江华府,雅安,雨城,万达片区,,高层,凤仪路2号,103.0210965,30.00139346,,,,0,公寓住宅,民用,7.1,12,0.0,6929.0,Sichuan,Yaan,Yucheng,Sichuan-Yaan
840481,沙湾川航小区,雅安,雨城,万达片区,,多层,先锋路89号,103.0246974,30.00734987,,,,0,公寓住宅,民用,7.0,12,0.0,5396.0,Sichuan,Yaan,Yucheng,Sichuan-Yaan
840480,蜀天青衣雅苑,雅安,雨城,万达片区,,高层,青年路53号,103.0466211,30.02006251,,,,0,公寓住宅,民用,6.8,12,-5.33,6512.0,Sichuan,Yaan,Yucheng,Sichuan-Yaan
840408,专建司宿舍,雅安,雨城,大兴片区,,多层,新生路61号,102.9982621,29.98492432,,,,0,公寓住宅,民用,7.6,12,0.0,4109.0,Sichuan,Yaan,Yucheng,Sichuan-Yaan
840478,川航雅郡,雅安,雨城,万达片区,,多层,"沙湾路185号,雅州大道295号",103.0261361,30.00569156,,,,0,公寓住宅,民用,7.0,12,0.0,6641.0,Sichuan,Yaan,Yucheng,Sichuan-Yaan
840477,领地一期,雅安,雨城,万达片区,,高层,沙湾路333号,103.0338987,30.01026523,,,,0,公寓住宅,民用,7.1,12,0.0,10225.0,Sichuan,Yaan,Yucheng,Sichuan-Yaan
840476,西网江湾城,雅安,雨城,万达片区,,高层,南外环路,103.0525719,30.01114414,,,,0,公寓住宅,民用,7.3,12,0.0,9577.0,Sichuan,Yaan,Yucheng,Sichuan-Yaan
840475,领地凯旋帝景,雅安,雨城,万达片区,,高层,天梯路36号,103.030422,30.0117678,,,,0,公寓住宅,民用,7.1,12,-2.19,8350.0,Sichuan,Yaan,Yucheng,Sichuan-Yaan
840474,锦城时代,雅安,雨城,万达片区,,高层,凤仪路1号,103.0204892,30.00169352,,,,0,公寓住宅,民用,7.3,12,0.0,6000.0,Sichuan,Yaan,Yucheng,Sichuan-Yaan
840473,西门北路21号小区,雅安,雨城,魏家岗,,多层,西门北路21号,102.988212,29.99965495,,,,0,公寓住宅,民用,7.2,12,0.0,4000.0,Sichuan,Yaan,Yucheng,Sichuan-Yaan
840472,张家山路23号院,雅安,雨城,魏家岗,,多层,张家山路23号,103.0067012,29.97981508,,,,0,公寓住宅,民用,7.3,12,0.0,4454.0,Sichuan,Yaan,Yucheng,Sichuan-Yaan
840471,雅安水利局宿舍,雅安,雨城,魏家岗,,多层,三雅路25号,103.0133663,29.9887279,,,,0,公寓住宅,民用,7.6,12,0.0,8181.0,Sichuan,Yaan,Yucheng,Sichuan-Yaan
840470,华阳商厦,雅安,雨城,魏家岗,,高层,育才路18号,103.007881,29.98432624,,,,0,商住楼,商用,7.6,12,0.0,4857.0,Sichuan,Yaan,Yucheng,Sichuan-Yaan
840469,建新路178号小区,雅安,雨城,魏家岗,,多层,建新路178号,103.0132117,29.98166293,,,,0,公寓住宅,民用,7.2,12,0.0,6206.0,Sichuan,Yaan,Yucheng,Sichuan-Yaan
840468,市政府小区,雅安,雨城,魏家岗,,多层,上坝路126号,103.0117451,29.98280225,,,,0,公寓住宅,民用,8.0,12,0.0,5272.0,Sichuan,Yaan,Yucheng,Sichuan-Yaan
840467,上坝路91号大院,雅安,雨城,魏家岗,,多层,上坝路91号,103.0108146,29.98274076,,,,0,公寓住宅,民用,7.5,12,0.0,4980.0,Sichuan,Yaan,Yucheng,Sichuan-Yaan
840466,南坝西街100号院,雅安,雨城,魏家岗,,多层,南坝西街100号,103.0196894,29.98242173,,,,0,公寓住宅,民用,7.7,12,0.0,3975.0,Sichuan,Yaan,Yucheng,Sichuan-Yaan
840465,育才路7号附2号院,雅安,雨城,魏家岗,,多层,育才路7号附2号,103.0076067,29.98455372,,,,0,公寓住宅,民用,7.6,12,0.0,5000.0,Sichuan,Yaan,Yucheng,Sichuan-Yaan
840482,姚桥小区,雅安,雨城,万达片区,,多层,汉碑路269号,103.0566485,30.02801681,,,,0,公寓住宅,民用,7.2,12,0.0,6309.0,Sichuan,Yaan,Yucheng,Sichuan-Yaan
840504,人行宿舍,雅安,雨城,万达片区,,多层,挺进路147号,103.0044806,29.99226159,,,,0,公寓住宅,民用,8.0,12,0.0,4605.0,Sichuan,Yaan,Yucheng,Sichuan-Yaan
840483,领地天屿,雅安,雨城,万达片区,,高层,沙湾路308号,103.0321177,30.00785188,,,,0,公寓住宅,民用,7.3,12,-1.87,9995.0,Sichuan,Yaan,Yucheng,Sichuan-Yaan
840485,先锋小区,雅安,雨城,万达片区,,多层,先锋路139号,103.0263577,30.00760489,,,,0,公寓住宅,民用,7.0,12,0.0,5844.0,Sichuan,Yaan,Yucheng,Sichuan-Yaan
840502,清江机械厂老住宅小区,雅安,雨城,万达片区,,多层,雅州大道111号,103.0205418,29.99893906,,,,0,公寓住宅,民用,7.0,12,0.0,4777.0,Sichuan,Yaan,Yucheng,Sichuan-Yaan
840501,塞维利亚别墅,雅安,雨城,万达片区,,低层,金仓中路3号,102.9531356,29.98678414,,,,0,别墅,民用,6.1,12,0.0,9509.0,Sichuan,Yaan,Yucheng,Sichuan-Yaan
840500,新雅园,雅安,雨城,万达片区,,多层,人民路103号,102.9983077,29.98344105,,,,0,公寓住宅,民用,7.7,12,0.0,4800.0,Sichuan,Yaan,Yucheng,Sichuan-Yaan
840499,雅瑞园,雅安,雨城,万达片区,,多层,新华街9号,103.0326495,30.00781563,,,,0,公寓住宅,民用,7.1,12,0.0,6618.0,Sichuan,Yaan,Yucheng,Sichuan-Yaan
840498,金樾澜岸一期,雅安,雨城,万达片区,,高层,"雅东路,近滨江东路",103.0758104,29.99667836,,,,0,公寓住宅,民用,6.2,12,-3.15,5993.0,Sichuan,Yaan,Yucheng,Sichuan-Yaan
840497,应急管理局家属院,雅安,雨城,万达片区,,多层,宁雅路66号,103.0242513,30.00456931,,,,0,公寓住宅,民用,6.8,12,0.0,5000.0,Sichuan,Yaan,Yucheng,Sichuan-Yaan
840496,领地天澜,雅安,雨城,万达片区,,高层,城后路,102.9883935,29.98459177,,,,0,公寓住宅,民用,7.5,12,0.0,6746.0,Sichuan,Yaan,Yucheng,Sichuan-Yaan
840495,人民银行大院,雅安,雨城,万达片区,,多层,新华街8号,103.0320379,30.00863073,,,,0,公寓住宅,民用,6.9,12,0.0,3500.0,Sichuan,Yaan,Yucheng,Sichuan-Yaan
840494,学府花园,雅安,雨城,万达片区,,多层,城后路238号,102.9935036,29.98385074,,,,0,公寓住宅,民用,7.9,12,0.0,5232.0,Sichuan,Yaan,Yucheng,Sichuan-Yaan
840493,尚雅怡心苑,雅安,雨城,万达片区,,高层,"汉碑路73号,金凤街2号",103.0366976,30.01500838,,,,0,公寓住宅,民用,6.9,12,0.0,6029.0,Sichuan,Yaan,Yucheng,Sichuan-Yaan
840492,阳光苑小区,雅安,雨城,万达片区,,多层,新华街15号,103.0300082,30.00891968,,,,0,公寓住宅,民用,6.7,12,0.0,7500.0,Sichuan,Yaan,Yucheng,Sichuan-Yaan
840491,沙湾小区,雅安,雨城,万达片区,,多层,宁雅路132号,103.0227731,30.00556496,,,,0,公寓住宅,民用,7.1,12,0.0,7444.0,Sichuan,Yaan,Yucheng,Sichuan-Yaan
840490,正黄金色雅郡,雅安,雨城,万达片区,,多层,顺兴路2号,103.0641307,30.02394253,,,,0,公寓住宅,民用,7.1,12,-2.92,6429.0,Sichuan,Yaan,Yucheng,Sichuan-Yaan
840489,经典阳光家园,雅安,雨城,万达片区,,高层,正和路6号,103.0423172,30.01362365,,,,0,公寓住宅,民用,7.2,12,0.0,8172.0,Sichuan,Yaan,Yucheng,Sichuan-Yaan
840488,青江国际花园,雅安,雨城,万达片区,,高层,熊猫大道8号,103.0255241,30.00204926,,,,0,公寓住宅,民用,7.1,12,0.0,10144.0,Sichuan,Yaan,Yucheng,Sichuan-Yaan
840487,公馆1981B区,雅安,雨城,万达片区,,高层,"雅州大道,近正和路",103.0395178,30.01564581,,,,0,公寓住宅,民用,7.1,12,0.23,9290.0,Sichuan,Yaan,Yucheng,Sichuan-Yaan
840486,锦绣华庭,雅安,雨城,万达片区,,高层,雅州大道216号,103.0265199,30.00328659,,,,0,公寓住宅,民用,7.0,12,0.0,7222.0,Sichuan,Yaan,Yucheng,Sichuan-Yaan
840526,蜀西名苑,雅安,雨城,挺进路,,高层,碧峰峡路89号,103.004928,29.99584105,,,,0,公寓住宅,民用,8.1,12,0.0,6947.0,Sichuan,Yaan,Yucheng,Sichuan-Yaan
840527,嘉泰民居,雅安,雨城,挺进路,,多层,南三路38号,103.0003345,29.99337247,,,,0,公寓住宅,民用,7.8,12,0.0,5163.0,Sichuan,Yaan,Yucheng,Sichuan-Yaan
840528,果园路19号院,雅安,雨城,挺进路,,多层,果园路19号,102.996523,29.99948619,,,,0,公寓住宅,民用,7.7,12,0.0,4257.0,Sichuan,Yaan,Yucheng,Sichuan-Yaan
840588,建安住宿区,雅安,雨城,挺进路,,多层,南四路80号,103.0028206,29.99274493,,,,0,公寓住宅,民用,7.9,12,0.0,5033.0,Sichuan,Yaan,Yucheng,Sichuan-Yaan
840587,南一路6号大院,雅安,雨城,挺进路,,多层,南一路6号,103.0041379,29.9902424,,,,0,公寓住宅,民用,8.4,12,0.0,4777.0,Sichuan,Yaan,Yucheng,Sichuan-Yaan
840586,康藏路248号小区,雅安,雨城,挺进路,,多层,康藏路248号,102.9924395,29.99956865,,,,0,公寓住宅,民用,7.8,12,0.0,5173.0,Sichuan,Yaan,Yucheng,Sichuan-Yaan
840585,北一路1号小区,雅安,雨城,挺进路,,多层,北一路1号,103.0046748,29.99158422,,,,0,公寓住宅,民用,8.0,12,0.0,4854.0,Sichuan,Yaan,Yucheng,Sichuan-Yaan
840584,原国税局宿舍,雅安,雨城,挺进路,,多层,南四路7号,102.9932532,29.99970304,,,,0,公寓住宅,民用,7.4,12,0.0,5136.0,Sichuan,Yaan,Yucheng,Sichuan-Yaan
840583,青衣江路东段205小区,雅安,雨城,挺进路,,多层,青衣江路东段205号,103.0040787,29.98987501,,,,0,公寓住宅,民用,8.3,12,0.0,5000.0,Sichuan,Yaan,Yucheng,Sichuan-Yaan
840582,平安大院,雅安,雨城,挺进路,,多层,新江南路41号,102.9855898,30.00012201,,,,0,公寓住宅,民用,7.6,12,0.0,5564.0,Sichuan,Yaan,Yucheng,Sichuan-Yaan
840581,南三路21号小区,雅安,雨城,挺进路,,多层,南三路21号,102.9998019,29.99431381,,,,0,公寓住宅,民用,8.0,12,0.0,5052.0,Sichuan,Yaan,Yucheng,Sichuan-Yaan
840580,康藏路388号小区,雅安,雨城,挺进路,,多层,康藏路388号,102.9924255,29.99967445,,,,0,公寓住宅,民用,7.4,12,0.0,4684.0,Sichuan,Yaan,Yucheng,Sichuan-Yaan
840579,沙溪路61号小区,雅安,雨城,挺进路,,多层,沙溪路61号,102.9937939,30.00120347,,,,0,公寓住宅,民用,7.4,12,0.0,4600.0,Sichuan,Yaan,Yucheng,Sichuan-Yaan
840577,宁雅家园,雅安,雨城,挺进路,,多层,康藏路868号,102.9806151,30.00090948,,,,0,公寓住宅,民用,7.0,12,0.0,5904.0,Sichuan,Yaan,Yucheng,Sichuan-Yaan
840576,建安小区,雅安,雨城,挺进路,,多层,挺进路129号,103.0040841,29.9927164,,,,0,公寓住宅,民用,8.2,12,0.0,5671.0,Sichuan,Yaan,Yucheng,Sichuan-Yaan
840575,康藏路456号小区,雅安,雨城,挺进路,,多层,康藏路456号,102.9941674,29.99948762,,,,0,公寓住宅,民用,7.7,12,0.0,5071.0,Sichuan,Yaan,Yucheng,Sichuan-Yaan
840574,青衣江路中段150号小区,雅安,雨城,挺进路,,多层,青衣江路中段150号,102.990973,29.99708422,,,,0,公寓住宅,民用,7.9,12,0.0,6111.0,Sichuan,Yaan,Yucheng,Sichuan-Yaan
840572,廊桥雅舍,雅安,雨城,挺进路,,高层,青衣江路东段327号,103.0000966,29.99311812,,,,0,公寓住宅,民用,8.0,12,0.0,6029.0,Sichuan,Yaan,Yucheng,Sichuan-Yaan
840589,运发花园,雅安,雨城,挺进路,,多层,新江南路19号,102.9856411,30.00039062,,,,0,公寓住宅,民用,7.2,12,0.0,4915.0,Sichuan,Yaan,Yucheng,Sichuan-Yaan
840571,青衣江路东段242号小区,雅安,雨城,挺进路,,多层,青衣江路东段242号,103.0030844,29.99065468,,,,0,公寓住宅,民用,7.8,12,0.0,5555.0,Sichuan,Yaan,Yucheng,Sichuan-Yaan
840590,雅康苑,雅安,雨城,挺进路,,多层,沙溪路13号,102.9935053,30.00031407,,,,0,公寓住宅,民用,7.6,12,0.0,5625.0,Sichuan,Yaan,Yucheng,Sichuan-Yaan
840592,中药材公司中心花园,雅安,雨城,挺进路,,多层,挺进路119号,103.0033014,29.99338987,,,,0,公寓住宅,民用,7.9,12,0.0,5068.0,Sichuan,Yaan,Yucheng,Sichuan-Yaan
840609,伏龙巷5号小区,雅安,雨城,羌江南路,,多层,伏龙巷5号,103.0072459,29.98493663,,,,0,公寓住宅,民用,7.8,12,0.0,3200.0,Sichuan,Yaan,Yucheng,Sichuan-Yaan
840608,少年宫路109号小区,雅安,雨城,羌江南路,,多层,少年宫路109号,103.0050168,29.98253644,,,,0,公寓住宅,民用,7.8,12,0.0,3200.0,Sichuan,Yaan,Yucheng,Sichuan-Yaan
840607,川信花园,雅安,雨城,羌江南路,,多层,绿洲路180号,103.0142614,29.97877198,,,,0,公寓住宅,民用,7.2,12,0.0,5300.0,Sichuan,Yaan,Yucheng,Sichuan-Yaan
840606,上坝路205号小区,雅安,雨城,羌江南路,,多层,上坝路205号,103.0117612,29.98047358,,,,0,公寓住宅,民用,7.2,12,0.0,3200.0,Sichuan,Yaan,Yucheng,Sichuan-Yaan
840605,建新路50号院,雅安,雨城,羌江南路,,多层,建新路50号,103.0094682,29.98181006,,,,0,公寓住宅,民用,7.3,12,0.0,5375.0,Sichuan,Yaan,Yucheng,Sichuan-Yaan
840604,红房子,雅安,雨城,羌江南路,,多层,临江东路13号,103.0067196,29.9861593,,,,0,公寓住宅,民用,7.7,12,0.0,3500.0,Sichuan,Yaan,Yucheng,Sichuan-Yaan
840603,羌江花园,雅安,雨城,羌江南路,,小高层,羌江南路35号,103.006801,29.98473204,,,,0,公寓住宅,民用,7.8,12,0.0,4500.0,Sichuan,Yaan,Yucheng,Sichuan-Yaan
840602,建新路109号院,雅安,雨城,羌江南路,,多层,建新路109号,103.0105088,29.98195589,,,,0,公寓住宅,民用,7.3,12,0.0,5000.0,Sichuan,Yaan,Yucheng,Sichuan-Yaan
840601,育才路457号院,雅安,雨城,羌江南路,,多层,育才路457号,103.0071918,29.98409546,,,,0,公寓住宅,民用,7.6,12,0.0,5178.0,Sichuan,Yaan,Yucheng,Sichuan-Yaan
840600,上坝路214号院,雅安,雨城,羌江南路,,多层,上坝路214号,103.011987,29.98033709,,,,0,公寓住宅,民用,7.2,12,0.0,4615.0,Sichuan,Yaan,Yucheng,Sichuan-Yaan
840599,居乐苑,雅安,雨城,羌江南路,,多层,羌江南路98号,103.0086877,29.98445624,,,,0,公寓住宅,民用,7.6,12,0.0,6098.0,Sichuan,Yaan,Yucheng,Sichuan-Yaan
840598,绿洲长河康居小区,雅安,雨城,羌江南路,,多层,绿洲路28号,103.0157209,29.98402984,,,,0,公寓住宅,民用,7.6,12,0.0,5979.0,Sichuan,Yaan,Yucheng,Sichuan-Yaan
840597,绿洲路36号大院,雅安,雨城,羌江南路,,多层,绿洲路36号,103.0146146,29.98327749,,,,0,公寓住宅,民用,7.0,12,0.0,4530.0,Sichuan,Yaan,Yucheng,Sichuan-Yaan
840596,沙湾小区,雅安,雨城,羌江南路,,多层,宁雅路132号,103.0227731,30.00556496,,,,0,公寓住宅,民用,7.1,12,0.0,7444.0,Sichuan,Yaan,Yucheng,Sichuan-Yaan
840595,美雅丽景,雅安,雨城,羌江南路,,多层,羌江南路278号,103.0140296,29.98329436,,,,0,公寓住宅,民用,7.2,12,0.0,6296.0,Sichuan,Yaan,Yucheng,Sichuan-Yaan
840594,红锦山庄,雅安,雨城,羌江南路,,多层,张家山路208号,103.0004503,29.97889612,,,,0,公寓住宅,民用,7.8,12,0.0,5277.0,Sichuan,Yaan,Yucheng,Sichuan-Yaan
840593,少年宫路2号院,雅安,雨城,羌江南路,,多层,少年宫路2号,103.0062975,29.98617965,,,,0,公寓住宅,民用,7.9,12,0.0,4200.0,Sichuan,Yaan,Yucheng,Sichuan-Yaan
840591,幸福阳光苑,雅安,雨城,挺进路,,多层,沿江北路63号,102.9973573,29.99519598,,,,0,公寓住宅,民用,7.8,12,0.0,5897.0,Sichuan,Yaan,Yucheng,Sichuan-Yaan
840570,康藏路10号小区,雅安,雨城,挺进路,,多层,康藏路10号,103.0007628,29.99477238,,,,0,公寓住宅,民用,7.8,12,0.0,4500.0,Sichuan,Yaan,Yucheng,Sichuan-Yaan
840569,幸福商城小区,雅安,雨城,挺进路,,多层,康藏路303号,102.9949712,29.99964452,,,,0,公寓住宅,民用,7.7,12,0.0,5500.0,Sichuan,Yaan,Yucheng,Sichuan-Yaan
840568,如意街25号小区,雅安,雨城,挺进路,,多层,如意街25号,102.9965473,29.99997835,,,,0,公寓住宅,民用,7.4,12,0.0,4246.0,Sichuan,Yaan,Yucheng,Sichuan-Yaan
840545,西门北路13号院,雅安,雨城,挺进路,,多层,西门北路13号,102.9924908,30.00167375,,,,0,公寓住宅,民用,7.2,12,0.0,5219.0,Sichuan,Yaan,Yucheng,Sichuan-Yaan
840544,沿江北路31号院,雅安,雨城,挺进路,,多层,沿江北路31号,102.9982347,29.99438104,,,,0,公寓住宅,民用,7.8,12,0.0,8682.0,Sichuan,Yaan,Yucheng,Sichuan-Yaan
840543,平江路58号小区,雅安,雨城,挺进路,,多层,平江路58号,102.9903888,30.00330286,,,,0,公寓住宅,民用,7.1,12,0.0,4444.0,Sichuan,Yaan,Yucheng,Sichuan-Yaan
840542,香江北路17号小区,雅安,雨城,挺进路,,小高层,香江北路17号,102.9882153,30.0022213,,,,0,公寓住宅,民用,7.2,12,0.0,4333.0,Sichuan,Yaan,Yucheng,Sichuan-Yaan
840541,康藏路484号小区,雅安,雨城,挺进路,,多层,康藏路484号,102.9936965,29.99949571,,,,0,公寓住宅,民用,7.5,12,0.0,4600.0,Sichuan,Yaan,Yucheng,Sichuan-Yaan
840540,斗胆社区,雅安,雨城,挺进路,,多层,康藏路429号,102.9923278,30.00020504,,,,0,公寓住宅,民用,7.4,12,0.0,4500.0,Sichuan,Yaan,Yucheng,Sichuan-Yaan
840539,法院宿舍(如意街),雅安,雨城,挺进路,,多层,如意街168号,102.9980484,30.00314764,,,,0,公寓住宅,民用,7.5,12,0.0,4200.0,Sichuan,Yaan,Yucheng,Sichuan-Yaan
840538,八一家园,雅安,雨城,挺进路,,多层,张家巷9号,102.9991706,29.99584981,,,,0,公寓住宅,民用,8.0,12,0.0,3500.0,Sichuan,Yaan,Yucheng,Sichuan-Yaan
840537,康藏路487号院,雅安,雨城,挺进路,,多层,康藏路487号,102.9908372,30.0009964,,,,0,公寓住宅,民用,7.2,12,0.0,4900.0,Sichuan,Yaan,Yucheng,Sichuan-Yaan
840536,如意街174号院,雅安,雨城,挺进路,,多层,如意街174号,102.9966411,30.00231881,,,,0,公寓住宅,民用,,12,0.0,3100.0,Sichuan,Yaan,Yucheng,Sichuan-Yaan
840535,雅通市场,雅安,雨城,挺进路,,多层,"挺进路,近南一路",103.004698,29.99120248,,,,0,公寓住宅,民用,8.0,12,0.0,4850.0,Sichuan,Yaan,Yucheng,Sichuan-Yaan
840534,如意街118号院,雅安,雨城,挺进路,,多层,如意街118号,102.9974573,30.0012805,,,,0,公寓住宅,民用,7.6,12,0.0,4421.0,Sichuan,Yaan,Yucheng,Sichuan-Yaan
840533,河北邮电公寓,雅安,雨城,挺进路,,多层,南二路38号,103.00342,29.99176225,,,,0,公寓住宅,民用,8.4,12,0.0,4926.0,Sichuan,Yaan,Yucheng,Sichuan-Yaan
840532,雅通苑,雅安,雨城,挺进路,,多层,碧峰峡路75号,103.0044221,29.99443761,,,,0,公寓住宅,民用,7.8,12,0.0,5098.0,Sichuan,Yaan,Yucheng,Sichuan-Yaan
840531,养路段大院,雅安,雨城,挺进路,,多层,平江路41号,102.9897934,30.00207932,,,,0,公寓住宅,民用,7.5,12,0.0,4301.0,Sichuan,Yaan,Yucheng,Sichuan-Yaan
840530,卫生小区,雅安,雨城,挺进路,,多层,果园路22号,102.995602,29.99747777,,,,0,公寓住宅,民用,7.8,12,0.0,4240.0,Sichuan,Yaan,Yucheng,Sichuan-Yaan
840529,如意街114号院,雅安,雨城,挺进路,,多层,如意街114号,102.9970644,30.00051821,,,,0,公寓住宅,民用,7.6,12,0.0,4666.0,Sichuan,Yaan,Yucheng,Sichuan-Yaan
840546,康藏路495号院,雅安,雨城,挺进路,,多层,康藏路495号,102.9900882,30.0006826,,,,0,公寓住宅,民用,7.2,12,0.0,5508.0,Sichuan,Yaan,Yucheng,Sichuan-Yaan
840547,幸福街28号院,雅安,雨城,挺进路,,多层,幸福街28号,102.9952688,30.00140468,,,,0,公寓住宅,民用,7.4,12,0.0,4750.0,Sichuan,Yaan,Yucheng,Sichuan-Yaan
840548,鑫发商住楼,雅安,雨城,挺进路,,多层,康藏路13号,102.9987257,29.99542015,,,,0,公寓住宅,民用,7.8,12,0.0,2950.0,Sichuan,Yaan,Yucheng,Sichuan-Yaan
840549,瓦窑街40号院,雅安,雨城,挺进路,,多层,瓦窑街40号,102.9964228,30.00250919,,,,0,公寓住宅,民用,7.4,12,0.0,2950.0,Sichuan,Yaan,Yucheng,Sichuan-Yaan
840567,南二路27号小区,雅安,雨城,挺进路,,多层,南二路27号,103.0026807,29.99164497,,,,0,公寓住宅,民用,7.7,12,0.0,4589.0,Sichuan,Yaan,Yucheng,Sichuan-Yaan
840566,香江北路5号小区,雅安,雨城,挺进路,,多层,香江北路5号,102.9900233,30.00116061,,,,0,公寓住宅,民用,7.2,12,0.0,4588.0,Sichuan,Yaan,Yucheng,Sichuan-Yaan
840565,平江路33号小区,雅安,雨城,挺进路,,多层,平江路33号,102.9896541,30.00157761,,,,0,公寓住宅,民用,7.2,12,0.0,4444.0,Sichuan,Yaan,Yucheng,Sichuan-Yaan
840564,环山路8号院,雅安,雨城,挺进路,,多层,环山路8号,102.9969234,29.98488118,,,,0,公寓住宅,民用,7.6,12,0.0,4000.0,Sichuan,Yaan,Yucheng,Sichuan-Yaan
840563,挺进路53号院,雅安,雨城,挺进路,,多层,挺进路53号,103.002353,29.9940145,,,,0,公寓住宅,民用,7.8,12,0.0,4666.0,Sichuan,Yaan,Yucheng,Sichuan-Yaan
840562,沿江东路87号院,雅安,雨城,挺进路,,多层,沿江东路87号,103.002445,29.98723882,,,,0,公寓住宅,民用,7.9,12,0.0,4579.0,Sichuan,Yaan,Yucheng,Sichuan-Yaan
840561,人行宿舍,雅安,雨城,挺进路,,多层,挺进路147号,103.0044806,29.99226159,,,,0,公寓住宅,民用,8.0,12,0.0,4605.0,Sichuan,Yaan,Yucheng,Sichuan-Yaan
840560,张家山路23号院,雅安,雨城,挺进路,,多层,张家山路23号,103.0067012,29.97981508,,,,0,公寓住宅,民用,7.3,12,0.0,4454.0,Sichuan,Yaan,Yucheng,Sichuan-Yaan
840464,大众路207号院,雅安,雨城,魏家岗,,多层,大众路207号,103.012843,29.98459903,,,,0,公寓住宅,民用,7.5,12,0.0,4578.0,Sichuan,Yaan,Yucheng,Sichuan-Yaan
840559,金帝花园,雅安,雨城,挺进路,,多层,建设路8号,102.9896975,29.99164072,,,,0,公寓住宅,民用,7.6,12,0.0,5274.0,Sichuan,Yaan,Yucheng,Sichuan-Yaan
840557,康藏路516号小区,雅安,雨城,挺进路,,多层,康藏路516号,102.9917023,29.99927818,,,,0,公寓住宅,民用,7.3,12,0.0,5750.0,Sichuan,Yaan,Yucheng,Sichuan-Yaan
840556,雅安水利局宿舍,雅安,雨城,挺进路,,多层,三雅路25号,103.0133663,29.9887279,,,,0,公寓住宅,民用,7.6,12,0.0,8181.0,Sichuan,Yaan,Yucheng,Sichuan-Yaan
840555,挺进路147号小区,雅安,雨城,挺进路,,多层,挺进路147号,103.0043952,29.99229693,,,,0,公寓住宅,民用,8.0,12,0.0,4945.0,Sichuan,Yaan,Yucheng,Sichuan-Yaan
840554,金科集美书香府,雅安,雨城,挺进路,,高层,康藏路139号,102.9991915,29.99774454,,,,0,公寓住宅,民用,8.1,12,0.0,6310.0,Sichuan,Yaan,Yucheng,Sichuan-Yaan
840553,江北公寓,雅安,雨城,挺进路,,多层,康藏路10号,103.000622,29.99460003,,,,0,公寓住宅,民用,7.8,12,0.0,4859.0,Sichuan,Yaan,Yucheng,Sichuan-Yaan
840552,爱家苑,雅安,雨城,挺进路,,多层,南三路,102.9994722,29.99472928,,,,0,公寓住宅,民用,7.9,12,0.0,4900.0,Sichuan,Yaan,Yucheng,Sichuan-Yaan
840551,如意街14号小区,雅安,雨城,挺进路,,高层,如意街14号,102.9969832,29.99938158,,,,0,公寓住宅,民用,7.5,12,0.0,4240.0,Sichuan,Yaan,Yucheng,Sichuan-Yaan
840550,川西厂家属房,雅安,雨城,挺进路,,多层,康藏路322号,102.9965062,30.00046473,,,,0,公寓住宅,民用,7.7,12,0.0,4296.0,Sichuan,Yaan,Yucheng,Sichuan-Yaan
840558,博瑞家园,雅安,雨城,挺进路,,多层,城后路366号,102.9870956,29.9868531,,,,0,公寓住宅,民用,7.3,12,0.0,5619.0,Sichuan,Yaan,Yucheng,Sichuan-Yaan
840463,羌江南路60号附21号院,雅安,雨城,魏家岗,,多层,羌江南路60号附21号,103.0093114,29.98501193,,,,0,公寓住宅,民用,7.7,12,0.0,5074.0,Sichuan,Yaan,Yucheng,Sichuan-Yaan
840479,公馆1981A区,雅安,雨城,万达片区,,高层,雅州大道458号,103.0408293,30.01524838,,,,0,公寓住宅,民用,7.1,12,0.0,10172.0,Sichuan,Yaan,Yucheng,Sichuan-Yaan
840461,中国银行宿舍,雅安,雨城,魏家岗,,多层,羌江南路213号,103.0104236,29.98489217,,,,0,公寓住宅,民用,7.6,12,0.0,5270.0,Sichuan,Yaan,Yucheng,Sichuan-Yaan
840430,江湾城(二期),雅安,雨城,正黄金域片区,,多层,滨江西路,103.0500821,30.00869428,,,,0,公寓住宅,民用,7.2,12,0.0,7181.0,Sichuan,Yaan,Yucheng,Sichuan-Yaan
840429,碧峰峡路76号小区,雅安,雨城,正黄金域片区,,多层,碧峰峡路76号,103.0048108,29.99386169,,,,0,公寓住宅,民用,7.9,12,0.0,4750.0,Sichuan,Yaan,Yucheng,Sichuan-Yaan
840428,和平小区C区,雅安,雨城,正黄金域片区,,多层,和平中路,103.0426421,30.01544043,,,,0,公寓住宅,民用,6.7,12,0.0,6229.0,Sichuan,Yaan,Yucheng,Sichuan-Yaan
840427,雅东丽都,雅安,雨城,正黄金域片区,,高层,和兴街1号,103.065377,30.02298401,,,,0,公寓住宅,民用,7.1,12,1.28,6602.0,Sichuan,Yaan,Yucheng,Sichuan-Yaan
840426,魅力印象,雅安,雨城,正黄金域片区,,多层,挺进路173号,103.005363,29.99144027,,,,0,公寓住宅,民用,8.2,12,0.0,7471.0,Sichuan,Yaan,Yucheng,Sichuan-Yaan
840425,邮政银行家属院(雨城),雅安,雨城,正黄金域片区,,多层,雅州大道445号,103.0361573,30.01297741,,,,0,公寓住宅,民用,6.0,12,19.93,5562.0,Sichuan,Yaan,Yucheng,Sichuan-Yaan
840423,翰城19812期,雅安,雨城,正黄金域片区,,高层,雨名路,103.0603406,30.02753888,,,,0,公寓住宅,民用,6.7,12,-1.34,8356.0,Sichuan,Yaan,Yucheng,Sichuan-Yaan
840431,雅州大道551号自建房,雅安,雨城,正黄金域片区,,多层,雅州大道551号附3号,103.0571794,30.02763725,,,,0,,暂无,,12,,,Sichuan,Yaan,Yucheng,Sichuan-Yaan
840422,富邦名城,雅安,雨城,正黄金域片区,,高层,清馨路1号,103.0457071,30.01809255,,,,0,公寓住宅,民用,7.2,12,0.0,6818.0,Sichuan,Yaan,Yucheng,Sichuan-Yaan
840420,尚雅滨江名苑,雅安,雨城,正黄金域片区,,高层,和平西路,103.0438789,30.01504837,,,,0,公寓住宅,民用,6.9,12,0.0,7526.0,Sichuan,Yaan,Yucheng,Sichuan-Yaan
840419,雨城区工行小区,雅安,雨城,正黄金域片区,,多层,汉碑路85号,103.041555,30.01645042,,,,0,公寓住宅,民用,7.1,12,0.0,4939.0,Sichuan,Yaan,Yucheng,Sichuan-Yaan
840418,金科天宸雅苑,雅安,雨城,正黄金域片区,,高层,大兴大道6号,103.0543621,30.00868973,,,,0,公寓住宅,民用,7.3,12,-1.37,8370.0,Sichuan,Yaan,Yucheng,Sichuan-Yaan
840417,恒信上海城,雅安,雨城,正黄金域片区,,高层,熊猫大道387号,103.0526369,30.01839425,,,,0,公寓住宅,民用,7.1,12,-0.21,8252.0,Sichuan,Yaan,Yucheng,Sichuan-Yaan
840416,西网江湾城,雅安,雨城,正黄金域片区,,高层,南外环路,103.0525719,30.01114414,,,,0,公寓住宅,民用,7.3,12,0.0,9577.0,Sichuan,Yaan,Yucheng,Sichuan-Yaan
840415,翰城19811期,雅安,雨城,正黄金域片区,,高层,金鸡关路60号,103.0628054,30.02699494,,,,0,公寓住宅,民用,7.0,12,0.01,8618.0,Sichuan,Yaan,Yucheng,Sichuan-Yaan
840414,正黄金域首座,雅安,雨城,正黄金域片区,,高层,金鸡关路109号,103.0613704,30.02583639,,,,0,公寓住宅,民用,7.1,12,0.28,7225.0,Sichuan,Yaan,Yucheng,Sichuan-Yaan
840421,第一江岸3期,雅安,雨城,正黄金域片区,,高层,和平东路166号,103.0577932,30.02286299,,,,0,公寓住宅,民用,7.0,12,0.0,8411.0,Sichuan,Yaan,Yucheng,Sichuan-Yaan
840432,四川省长江国有林保护局蜀西分局宿舍,雅安,雨城,正黄金域片区,,多层,雅州大道472号,103.0428016,30.01749712,,,,0,公寓住宅,民用,6.9,12,0.0,3200.0,Sichuan,Yaan,Yucheng,Sichuan-Yaan
840434,交通巷10号院,雅安,雨城,正黄金域片区,,多层,交通巷10号,103.0399412,30.0143729,,,,0,公寓住宅,民用,6.9,12,0.0,2950.0,Sichuan,Yaan,Yucheng,Sichuan-Yaan
840435,爱国苑,雅安,雨城,正黄金域片区,,多层,和平东路,103.0573057,30.02447153,,,,0,公寓住宅,民用,6.8,12,0.0,2950.0,Sichuan,Yaan,Yucheng,Sichuan-Yaan
840451,伏龙巷5号小区,雅安,雨城,魏家岗,,多层,伏龙巷5号,103.0072459,29.98493663,,,,0,公寓住宅,民用,7.8,12,0.0,3200.0,Sichuan,Yaan,Yucheng,Sichuan-Yaan
840462,滨江花园,雅安,雨城,魏家岗,,多层,双江路21号,103.0176841,29.98580807,,,,0,公寓住宅,民用,7.1,12,0.0,5294.0,Sichuan,Yaan,Yucheng,Sichuan-Yaan
840450,红房子,雅安,雨城,魏家岗,,多层,临江东路13号,103.0067196,29.9861593,,,,0,公寓住宅,民用,7.7,12,0.0,3500.0,Sichuan,Yaan,Yucheng,Sichuan-Yaan
840449,羌江花园,雅安,雨城,魏家岗,,小高层,羌江南路35号,103.006801,29.98473204,,,,0,公寓住宅,民用,7.8,12,0.0,4500.0,Sichuan,Yaan,Yucheng,Sichuan-Yaan
840448,东安明珠A区,雅安,雨城,魏家岗,,高层,滨江西路62号,103.0310514,30.00776295,,,,0,公寓住宅,民用,7.2,12,0.0,7565.0,Sichuan,Yaan,Yucheng,Sichuan-Yaan
840447,东安明珠B区,雅安,雨城,魏家岗,,高层,滨江西路52号,103.0178269,29.99289414,,,,0,公寓住宅,民用,7.2,12,0.0,8000.0,Sichuan,Yaan,Yucheng,Sichuan-Yaan
840446,滨江华庭,雅安,雨城,魏家岗,,多层,滨江西路3号,103.0131748,29.98942954,,,,0,公寓住宅,民用,7.8,12,0.0,6968.0,Sichuan,Yaan,Yucheng,Sichuan-Yaan
840445,水岸书香,雅安,雨城,魏家岗,,多层,滨江西路8号,103.0164395,29.99097157,,,,0,公寓住宅,民用,7.7,12,6.42,6098.0,Sichuan,Yaan,Yucheng,Sichuan-Yaan
840444,绿洲路36号大院,雅安,雨城,魏家岗,,多层,绿洲路36号,103.0146146,29.98327749,,,,0,公寓住宅,民用,7.0,12,0.0,4530.0,Sichuan,Yaan,Yucheng,Sichuan-Yaan
840443,山水豪庭,雅安,雨城,魏家岗,,高层,雅州大道99号,103.0164275,29.99538048,,,,0,公寓住宅,民用,7.7,12,-3.53,8910.0,Sichuan,Yaan,Yucheng,Sichuan-Yaan
840442,少年宫路2号院,雅安,雨城,魏家岗,,多层,少年宫路2号,103.0062975,29.98617965,,,,0,公寓住宅,民用,7.9,12,0.0,4200.0,Sichuan,Yaan,Yucheng,Sichuan-Yaan
840441,雅雨家园,雅安,雨城,魏家岗,,多层,雅园路1号,103.0134669,29.99104548,,,,0,公寓住宅,民用,8.0,12,0.0,6283.0,Sichuan,Yaan,Yucheng,Sichuan-Yaan
840440,幸福港湾,雅安,雨城,魏家岗,,多层,滨江西路4号,103.014709,29.98931837,,,,0,公寓住宅,民用,8.0,12,0.0,6347.0,Sichuan,Yaan,Yucheng,Sichuan-Yaan
840439,十里原湾,雅安,雨城,魏家岗,,多层,雅雨路2号,103.0224635,29.98839166,,,,0,公寓住宅,民用,7.1,12,-1.46,9890.0,Sichuan,Yaan,Yucheng,Sichuan-Yaan
840438,和平小区B区,雅安,雨城,正黄金域片区,,多层,和平路93号,103.0414745,30.01459427,,,,0,公寓住宅,民用,7.0,12,0.0,7282.0,Sichuan,Yaan,Yucheng,Sichuan-Yaan
840436,金凤小区,雅安,雨城,正黄金域片区,,多层,和平东路19号,103.0561479,30.02457632,,,,0,公寓住宅,民用,6.9,12,0.0,4750.0,Sichuan,Yaan,Yucheng,Sichuan-Yaan
840413,汉都华府,雅安,雨城,正黄金域片区,,高层,汉阙路1号,103.0505032,30.0260081,,,,0,公寓住宅,民用,6.6,12,0.0,6043.0,Sichuan,Yaan,Yucheng,Sichuan-Yaan
840412,正黄翡翠云庭,雅安,雨城,正黄金域片区,,高层,北环东路299号,103.0526565,30.0266537,,,,0,公寓住宅,民用,7.3,12,-0.66,7735.0,Sichuan,Yaan,Yucheng,Sichuan-Yaan
840424,金域名座,雅安,雨城,正黄金域片区,,多层,和顺街1号,103.0623528,30.02752686,,,,0,公寓住宅,民用,7.1,12,0.0,7326.0,Sichuan,Yaan,Yucheng,Sichuan-Yaan
840410,正黄金域首府(一期),雅安,雨城,正黄金域片区,,高层,熊猫大道385号,103.0507914,30.01900795,,,,0,公寓住宅,民用,7.1,12,0.0,8486.0,Sichuan,Yaan,Yucheng,Sichuan-Yaan
840452,小城绿岛,雅安,雨城,魏家岗,,多层,临江路,103.0210408,29.98975186,,,,0,公寓住宅,民用,7.0,12,0.0,12659.0,Sichuan,Yaan,Yucheng,Sichuan-Yaan
840453,羌江南路111号小区,雅安,雨城,魏家岗,,小高层,羌江南路111号,103.0075529,29.9847244,,,,0,公寓住宅,民用,7.6,12,0.0,4752.0,Sichuan,Yaan,Yucheng,Sichuan-Yaan
840454,科盛金色家园,雅安,雨城,魏家岗,,多层,滨江西路83号,103.0183554,29.99431723,,,,0,公寓住宅,民用,7.5,12,0.0,6500.0,Sichuan,Yaan,Yucheng,Sichuan-Yaan
840455,羌江南路407号小区,雅安,雨城,魏家岗,,小高层,羌江南路407号,103.0148415,29.98503318,,,,0,公寓住宅,民用,7.2,12,0.0,5078.0,Sichuan,Yaan,Yucheng,Sichuan-Yaan
840456,金物花园,雅安,雨城,魏家岗,,多层,西康路东段106号,103.0119761,29.98562032,,,,0,公寓住宅,民用,7.8,12,0.0,6524.0,Sichuan,Yaan,Yucheng,Sichuan-Yaan
840411,正黄金域首府(二期),雅安,雨城,正黄金域片区,,高层,熊猫大道385号,103.0450757,30.01607148,,,,0,公寓住宅,民用,7.2,12,-1.9,9816.0,Sichuan,Yaan,Yucheng,Sichuan-Yaan
840458,御景雅苑,雅安,雨城,魏家岗,,高层,滨江西路2号,103.0118763,29.99014819,,,,0,公寓住宅,民用,8.2,12,0.0,10743.0,Sichuan,Yaan,Yucheng,Sichuan-Yaan
840459,雅安市中级人民法院宿舍,雅安,雨城,魏家岗,,多层,三雅路5号,103.0158471,29.98989359,,,,0,公寓住宅,民用,7.5,12,0.0,5000.0,Sichuan,Yaan,Yucheng,Sichuan-Yaan
840460,西康路东段23号小区,雅安,雨城,魏家岗,,多层,西康路东段23号,103.0161567,29.98590703,,,,0,公寓住宅,民用,7.2,12,0.0,5000.0,Sichuan,Yaan,Yucheng,Sichuan-Yaan
840457,馨雅园,雅安,雨城,魏家岗,,多层,雅州大道6号,103.0123461,29.99088898,,,,0,公寓住宅,民用,7.7,12,0.0,5963.0,Sichuan,Yaan,Yucheng,Sichuan-Yaan
